PT1000006-1|2|1
PT1301006-1|2|1
PT1600003-1|2|1
PT1700001-1|2|1
PT3400002-1|2|1
PT1800002-1|2|1
PT1800004-1|2|1
PT1900002-1|2|1
PT1900010-1|2|1
MP1300001-1|2|1
MP1500001-1|2|1
MP1500003-1|2|1
MP1700002-1|2|1
MP1700005-1|2|1
MP1800002-1|2|1
MP2000002-1|2|1
MP1700004-1|2|1
MP2200001-1|2|1
MP2200002-1|2|1
MP2700001-1|2|1
MP3200001-1|2|1
ME1301002-1|2|1
ME1302001-1|2|1
ME1302002-1|2|1
ME1400002-1|2|1
ME1400009-1|2|1
ME1500001-1|2|1
ME1502001-1|2|1
ME1502002-1|2|1
ME1301007-1|2|1
MP2400004-1|2|1
ME1301003-1|2|1
ME1302003-1|2|1
ME1400004-1|2|1
ME1800001-1|2|1
ME1800002-1|2|1
ME1800003-1|2|1
ME6000001-1|2|1
ME6200001-1|2|1
ME6300001-1|2|1
ME6300002-1|2|1
ME6600002-1|2|1
ME6700001-1|2|1
PT1100004-1|2|1
ME6700002-1|2|1
PT1301007-1|2|1
PT1500004-1|2|1
ME6700003-1|2|1
PT1501002-1|2|1
PT1501003-1|2|1
PT1502001-1|2|1
PT1502002-1|2|1
PT1502003-1|2|1
PT1700003-1|2|1
ME8800004-1|2|1
ME8900002-1|2|1
ME6700006-1|2|1
ME6200003-1|2|1
PT3000003-1|2|1
PT3001002-1|2|1
PT3001003-1|2|1
PT3200002-1|2|1
PT1800003-1|2|1
PT1800009-1|2|1
PT1800010-1|2|1
ME6701001-1|2|1
ME6900005-1|2|1
ME7200001-1|2|1
ME7200002-1|2|1
ME7200003-1|2|1
ME7700001-1|2|1
ME7700002-1|2|1
ME7700003-1|2|1
ME7700005-1|2|1
ME7700006-1|2|1
ME7700007-1|2|1
ME7700008-1|2|1
ME7903001-1|2|1
ME8003001-1|2|1
ME8003002-1|2|1
ME8003003-1|2|1
ME8003005-1|2|1
ME8100001-1|2|1
PT1100007-1|2|1
PT1900004-1|2|1
ME8102001-1|2|1
ME8200003-1|2|1
ME8201002-1|2|1
ME8300002-1|2|1
ME9100002-1|2|1
ME9100003-1|2|1
ME9100010-1|2|1
ME1000002-1|2|1
ME1000001-1|2|1
ME1000004-1|2|1
ME1000005-1|2|1
PT3000001-1|2|1
PT4403001-1|2|1
PT1000002-1|2|1
PT1900001-1|2|1
PT1900009-1|2|1
PT1000003-1|2|1
PT1000004-1|2|1
PT1000005-1|2|1
PT1100001-1|2|1
PT1302001-1|2|1
PT1400004-1|2|1
PT1501001-1|2|1
SM3100001-1|2|1
SM3100003-1|2|1
PT1600001-1|2|1
ME9000001-1|2|1
ROD00040-1|2|1
PT4100002-1|2|1
ML0000063-1|2|1
ME1000006-1|2|1
ROD00041-1|2|1
ROD00042-1|2|1
ELC00069-1|2|1
PQ2300001-1|2|1
ML0000060-1|2|1
ME4500002-1|2|1
ML0000025-1|2|1
ML0000026-1|2|1
ML0000027-1|2|1
ML0000028-1|2|1
ML0000029-1|2|1
ML0000030-1|2|1
ML0000031-1|2|1
ML0000032-1|2|1
EPP00063-1|2|1
ML0000033-1|2|1
ML0000034-1|2|1
ML0000035-1|2|1
ML0000036-1|2|1
ML0000037-1|2|1
TPK988685-0000-1|2|1
PT6000001-1|2|1
ML0000038-1|2|1
ML0000039-1|2|1
ML0000040-1|2|1
ML0000041-1|2|1
ML0000042-1|2|1
ML0000043-1|2|1
ML0000045-1|2|1
PQ1700001-1|2|1
ML0000046-1|2|1
SERG-078-1|2|1
PQ1500003-1|2|1
ML0000047-1|2|1
ML0000049-1|2|1
ML0000050-1|2|1
ML0000051-1|2|1
ML0000052-1|2|1
ML0000053-1|2|1
ML0000054-1|2|1
ML0000055-1|2|1
ML0000056-1|2|1
SERG-113-1|2|1
NEU00020-1|2|1
EPP00009-1|2|1
ML0000057-1|2|1
ML0000058-1|2|1
SERG-194-1|2|1
ML0000059-1|2|1
ML0000064-1|2|1
PQ2200001-1|2|1
SM1700001-1|2|1
SM1700002-1|2|1
SM1800002-1|2|1
SM9900001-1|2|1
SM9900002-1|2|1
SM9900003-1|2|1
SM2000001-1|2|1
SM2000002-1|2|1
ZS0000001-1|2|1
ZS0000002-1|2|1
ZS0000003-1|2|1
ZS0000004-1|2|1
PQ1800004-1|2|1
PQ1100004-1|2|1
PQ1100005-1|2|1
PQ1200001-1|2|1
PQ1200002-1|2|1
PQ1200003-1|2|1
PQ1300001-1|2|1
PQ1300002-1|2|1
PQ1300003-1|2|1
SERG-114-1|2|1
PQ1400001-1|2|1
PT2000006-1|2|1
PT2000001-1|2|1
PT2000003-1|2|1
PT2000009-1|2|1
PT2000010-1|2|1
PQ1400002-1|2|1
PQ1500001-1|2|1
PQ1500002-1|2|1
PQ2000002-1|2|1
PQ2000003-1|2|1
PQ2000004-1|2|1
PQ2000005-1|2|1
PQ2000006-1|2|1
PQ2000007-1|2|1
PQ1800001-1|2|1
PQ1800002-1|2|1
PQ2000001-1|2|1
PQ1800003-1|2|1
PQ1900001-1|2|1
PQ1900002-1|2|1
PQ2400002-1|2|1
PQ2500001-1|2|1
PQ2500002-1|2|1
ML0000001-1|2|1
ML0000002-1|2|1
ML0000003-1|2|1
ML0000004-1|2|1
ML0000005-1|2|1
ML0000006-1|2|1
ML0000007-1|2|1
ML0000009-1|2|1
ML0000010-1|2|1
ML0000011-1|2|1
ML0000012-1|2|1
ML0000013-1|2|1
ML0000014-1|2|1
ML0000015-1|2|1
ML0000016-1|2|1
ML0000017-1|2|1
ML0000018-1|2|1
ML0000020-1|2|1
ML0000021-1|2|1
ML0000022-1|2|1
ML0000023-1|2|1
ML0000024-1|2|1
ML0000061-1|2|1
ML0000062-1|2|1
ML0000065-1|2|1
ML0000066-1|2|1
ML0000067-1|2|1
ML0000068-1|2|1
ML0000069-1|2|1
ML0000070-1|2|1
ML0000071-1|2|1
ME8400004-1|2|1
ML0000072-1|2|1
ML0000073-1|2|1
ML0000074-1|2|1
ML0000075-1|2|1
ME6700005-1|2|1
ML0000076-1|2|1
ML0000077-1|2|1
ML0000078-1|2|1
ML0000079-1|2|1
ML0000080-1|2|1
ME1700001-1|2|1
ME1700002-1|2|1
ME1700003-1|2|1
ME1700004-1|2|1
ME1700006-1|2|1
ME1700009-1|2|1
ME1700010-1|2|1
ME1900001-1|2|1
ME1900002-1|2|1
ME1900003-1|2|1
ME4203005-1|2|1
ME4300003-1|2|1
ME4400002-1|2|1
ME4400004-1|2|1
ME6200002-1|2|1
ME6500001-1|2|1
VAR00013-1|2|1
VAR00014-1|2|1
ME6900002-1|2|1
ME7300001-1|2|1
ME7400004-1|2|1
ME7400005-1|2|1
ME6500002-1|2|1
ME7400006-1|2|1
ME8003004-1|2|1
ME8301001-1|2|1
ME8301003-1|2|1
ME8700003-1|2|1
TPK90600-2040-1|2|1
ME9100001-1|2|1
ME9100009-1|2|1
ME9100012-1|2|1
ME9100013-1|2|1
ME9200004-1|2|1
ME9200005-1|2|1
ME9200008-1|2|1
ME9200009-1|2|1
ME9200011-1|2|1
ME9200012-1|2|1
MP1000002-1|2|1
MP2400001-1|2|1
MP1700003-1|2|1
ME7000001-1|2|1
ME8301002-1|2|1
MP2600001-1|2|1
MP2600002-1|2|1
MP3400001-1|2|1
PVC00035-1|2|1
LUB00008-1|2|1
UNI00008-1|2|1
EST00036-1|2|1
NEU00015-1|2|1
TPK3158158-0000-1|2|1
ROD00037-1|2|1
TPK2774953-0000-1|2|1
TPK351517-1056-1|2|1
TPK752186-0007-1|2|1
TPK90602-4847-1|2|1
LUB00009-1|2|1
UNI00040-1|2|1
TPK2995752-0000-1|2|1
TPK3047319-0000-1|2|1
TPK90459-4252-1|2|1
ORI00024-1|2|1
TPK3187899-0000-1|2|1
TPK3228417-0000-1|2|1
LIM00012-1|2|1
MP3500001-1|2|1
LIM00030-1|2|1
PLO00040-1|2|1
EST00037-1|2|1
VAR00007-1|2|1
NEU00014-1|2|1
TPK3117845-0000-1|2|1
TPK31838-0000-1|2|1
TPK3123940-0000-1|2|1
TPK90459-7275-1|2|1
FER00001-1|2|1
FER00039-1|2|1
LIM00015-1|2|1
UNI00109-1|2|1
EMP00026-1|2|1
TPK1110534-0000-1|2|1
TPK1519166-0000-1|2|1
TPK273981-0000-1|2|1
TPK28509-0000-1|2|1
TPK2962053-0000-1|2|1
TPK315229-0107-1|2|1
TPK321306-0102-1|2|1
TPK344226-0105-1|2|1
TPK6-99032224-1|2|1
TPK90091-0360-1|2|1
TPK90288-0306-1|2|1
TPK90458-1404-1|2|1
TPK90459-5530-1|2|1
ME1000007-1|2|1
SERG-154-1|2|1
TPK90600-1847-1|2|1
TPK90609-8138-1|2|1
TPK90603-2323-1|2|1
TPK90604-1433-1|2|1
TPK90606-9226-1|2|1
FER00050-1|2|1
DOM0002-1|2|1
DOM0003-1|2|1
DOM0004-1|2|1
DOM0005-1|2|1
ELC00002-1|2|1
ELC00003-1|2|1
EPP00001-1|2|1
EPP00002-1|2|1
EPP00003-1|2|1
EPP00004-1|2|1
EPP00005-1|2|1
EPP00006-1|2|1
EPP00007-1|2|1
VAR00011-1|2|1
VAR00012-1|2|1
VAR00015-1|2|1
VAR00016-1|2|1
EPP00008-1|2|1
EPP00010-1|2|1
EPP00011-1|2|1
EPP00012-1|2|1
EPP00013-1|2|1
EPP00014-1|2|1
EPP00015-1|2|1
EPP00016-1|2|1
EPP00017-1|2|1
EPP00018-1|2|1
EPP00019-1|2|1
EPP00020-1|2|1
EPP00021-1|2|1
EPP00022-1|2|1
EPP00023-1|2|1
EPP00024-1|2|1
EPP00025-1|2|1
ELC00001-1|2|1
EPP00026-1|2|1
EPP00027-1|2|1
EPP00030-1|2|1
EPP00031-1|2|1
EPP00032-1|2|1
EPP00033-1|2|1
EPP00034-1|2|1
EPP00035-1|2|1
EPP00036-1|2|1
EPP00037-1|2|1
EPP00038-1|2|1
EPP00039-1|2|1
EPP00040-1|2|1
EPP00041-1|2|1
EPP00042-1|2|1
EPP00043-1|2|1
FER00014-1|2|1
EPP00044-1|2|1
EPP00045-1|2|1
EPP00046-1|2|1
EPP00047-1|2|1
EPP00048-1|2|1
EPP00050-1|2|1
EPP00051-1|2|1
EPP00052-1|2|1
EPP00053-1|2|1
FER00095-1|2|1
EPP00054-1|2|1
EPP00055-1|2|1
EPP00056-1|2|1
EPP00057-1|2|1
EPP00058-1|2|1
EPP00059-1|2|1
EPP00060-1|2|1
EPP00061-1|2|1
EPP00062-1|2|1
PAP00008-1|2|1
FER00002-1|2|1
FER00003-1|2|1
FER00004-1|2|1
FER00005-1|2|1
FER00006-1|2|1
FER00007-1|2|1
FER00009-1|2|1
FER00010-1|2|1
FER00011-1|2|1
FER00013-1|2|1
FER00015-1|2|1
FER00016-1|2|1
FER00017-1|2|1
FER00018-1|2|1
FER00019-1|2|1
FER00020-1|2|1
FER00021-1|2|1
FER00022-1|2|1
FER00023-1|2|1
FER00024-1|2|1
FER00025-1|2|1
FER00026-1|2|1
FER00027-1|2|1
FER00028-1|2|1
FER00029-1|2|1
ME1000008-1|2|1
FER00030-1|2|1
FER00031-1|2|1
FER00032-1|2|1
FER00033-1|2|1
FER00034-1|2|1
FER00035-1|2|1
FER00036-1|2|1
FER00037-1|2|1
FER00038-1|2|1
FER00040-1|2|1
FER00041-1|2|1
FER00042-1|2|1
FER00043-1|2|1
FER00044-1|2|1
FER00045-1|2|1
FER00046-1|2|1
FER00047-1|2|1
FER00048-1|2|1
FER00049-1|2|1
FER00051-1|2|1
FER00052-1|2|1
FER00053-1|2|1
FER00054-1|2|1
FER00055-1|2|1
FER00056-1|2|1
FER00057-1|2|1
FER00058-1|2|1
FER00059-1|2|1
FER00060-1|2|1
UNI00005-1|2|1
FER00061-1|2|1
FER00062-1|2|1
FER00063-1|2|1
FER00064-1|2|1
FER00065-1|2|1
FER00066-1|2|1
FER00067-1|2|1
FER00068-1|2|1
FER00069-1|2|1
FER00070-1|2|1
FER00071-1|2|1
FER00072-1|2|1
FER00073-1|2|1
FER00074-1|2|1
FER00075-1|2|1
FER00076-1|2|1
FER00077-1|2|1
FER00078-1|2|1
FER00079-1|2|1
FER00080-1|2|1
FER00081-1|2|1
FER00082-1|2|1
FER00083-1|2|1
FER00084-1|2|1
ME1100001-1|2|1
FER00085-1|2|1
FER00086-1|2|1
FER00087-1|2|1
FER00088-1|2|1
FER00089-1|2|1
FER00090-1|2|1
FER00091-1|2|1
FER00092-1|2|1
FER00093-1|2|1
FER00094-1|2|1
FER00096-1|2|1
FER00097-1|2|1
FER00099-1|2|1
FER00100-1|2|1
FER00101-1|2|1
FER00102-1|2|1
FER00103-1|2|1
FER00104-1|2|1
FER00105-1|2|1
FER00106-1|2|1
FER00108-1|2|1
FER00110-1|2|1
FER00111-1|2|1
FER00112-1|2|1
FER00113-1|2|1
FER00114-1|2|1
FER00115-1|2|1
FER00116-1|2|1
LIM00004-1|2|1
LIM00005-1|2|1
LIM00006-1|2|1
LIM00007-1|2|1
LIM00008-1|2|1
LIM00009-1|2|1
LIM00010-1|2|1
LIM00011-1|2|1
LIM00013-1|2|1
LIM00014-1|2|1
TPK90600-2347-1|2|1
LIM00016-1|2|1
LIM00017-1|2|1
LIM00018-1|2|1
LIM00019-1|2|1
LIM00020-1|2|1
LIM00021-1|2|1
LIM00022-1|2|1
LIM00023-1|2|1
LIM00025-1|2|1
ME1100002-1|2|1
LIM00026-1|2|1
LIM00028-1|2|1
LUB00001-1|2|1
LUB00002-1|2|1
LUB00003-1|2|1
LUB00004-1|2|1
LUB00005-1|2|1
LUB00006-1|2|1
LUB00007-1|2|1
LUB00010-1|2|1
LUB00011-1|2|1
LUB00012-1|2|1
LUB00013-1|2|1
LUB00014-1|2|1
LUB00015-1|2|1
PAP00001-1|2|1
PAP00002-1|2|1
PAP00003-1|2|1
PAP00004-1|2|1
PAP00005-1|2|1
PAP00006-1|2|1
PAP00007-1|2|1
PAP00009-1|2|1
PAP00012-1|2|1
UNI00122-1|2|1
UNI00123-1|2|1
PAP00013-1|2|1
PAP00014-1|2|1
PAP00015-1|2|1
PAP00016-1|2|1
UNI00017-1|2|1
PAP00017-1|2|1
PAP00018-1|2|1
PAP00021-1|2|1
PAP00022-1|2|1
PAP00023-1|2|1
PAP00024-1|2|1
PAP00025-1|2|1
UNI00129-1|2|1
PAP00026-1|2|1
PAP00027-1|2|1
PAP00028-1|2|1
PAP00029-1|2|1
PAP00030-1|2|1
PAP00032-1|2|1
PAP00034-1|2|1
PAP00035-1|2|1
PAP00036-1|2|1
PAP00037-1|2|1
ME1200001-1|2|1
ME1200003-1|2|1
PAP00038-1|2|1
PAP00039-1|2|1
PAP00040-1|2|1
PAP00041-1|2|1
UNI00009-1|2|1
PAP00042-1|2|1
PAP00043-1|2|1
PAP00044-1|2|1
PAP00045-1|2|1
SERG-035-1|2|1
PAP00046-1|2|1
SERG-090-1|2|1
PAP00049-1|2|1
PAP00050-1|2|1
PAP00051-1|2|1
PAP00052-1|2|1
PAP00053-1|2|1
PAP00054-1|2|1
PAP00055-1|2|1
PAP00056-1|2|1
PAP00057-1|2|1
PAP00058-1|2|1
PAP00059-1|2|1
PAP00060-1|2|1
PAP00061-1|2|1
PAP00062-1|2|1
ME1300003-1|2|1
TPK90600-3267-1|2|1
PAP00063-1|2|1
VAR00001-1|2|1
VAR00002-1|2|1
VAR00003-1|2|1
VAR00004-1|2|1
VAR00005-1|2|1
VAR00006-1|2|1
UNI00002-1|2|1
UNI00003-1|2|1
UNI00004-1|2|1
UNI00006-1|2|1
UNI00007-1|2|1
UNI00012-1|2|1
UNI00013-1|2|1
UNI00014-1|2|1
UNI00015-1|2|1
UNI00016-1|2|1
UNI00018-1|2|1
UNI00019-1|2|1
UNI00020-1|2|1
UNI00021-1|2|1
UNI00022-1|2|1
UNI00023-1|2|1
UNI00025-1|2|1
UNI00026-1|2|1
ME1300009-1|2|1
UNI00027-1|2|1
UNI00028-1|2|1
UNI00029-1|2|1
UNI00030-1|2|1
UNI00031-1|2|1
UNI00032-1|2|1
UNI00033-1|2|1
UNI00034-1|2|1
UNI00035-1|2|1
UNI00036-1|2|1
UNI00037-1|2|1
UNI00038-1|2|1
UNI00039-1|2|1
UNI00041-1|2|1
UNI00042-1|2|1
UNI00045-1|2|1
UNI00046-1|2|1
UNI00049-1|2|1
UNI00050-1|2|1
UNI00051-1|2|1
UNI00052-1|2|1
UNI00053-1|2|1
UNI00056-1|2|1
UNI00057-1|2|1
UNI00058-1|2|1
UNI00059-1|2|1
UNI00060-1|2|1
UNI00061-1|2|1
UNI00066-1|2|1
UNI00067-1|2|1
UNI00062-1|2|1
UNI00068-1|2|1
UNI00069-1|2|1
UNI00071-1|2|1
UNI00072-1|2|1
UNI00075-1|2|1
UNI00076-1|2|1
UNI00077-1|2|1
UNI00078-1|2|1
UNI00079-1|2|1
UNI00080-1|2|1
UNI00081-1|2|1
UNI00082-1|2|1
UNI00083-1|2|1
UNI00084-1|2|1
UNI00085-1|2|1
UNI00086-1|2|1
UNI00087-1|2|1
UNI00088-1|2|1
UNI00089-1|2|1
UNI00090-1|2|1
UNI00091-1|2|1
UNI00092-1|2|1
UNI00093-1|2|1
UNI00094-1|2|1
UNI00095-1|2|1
UNI00096-1|2|1
UNI00097-1|2|1
UNI00098-1|2|1
UNI00099-1|2|1
UNI00100-1|2|1
UNI00101-1|2|1
UNI00102-1|2|1
UNI00103-1|2|1
UNI00104-1|2|1
UNI00105-1|2|1
UNI00106-1|2|1
UNI00107-1|2|1
UNI00108-1|2|1
TPK90600-3039-1|2|1
UNI00110-1|2|1
PLO00025-1|2|1
UNI00111-1|2|1
UNI00112-1|2|1
UNI00113-1|2|1
UNI00114-1|2|1
UNI00115-1|2|1
UNI00117-1|2|1
UNI00124-1|2|1
UNI00125-1|2|1
UNI00126-1|2|1
UNI00127-1|2|1
UNI00128-1|2|1
UNI00130-1|2|1
UNI00131-1|2|1
UNI00132-1|2|1
UNI00133-1|2|1
UNI00135-1|2|1
SERG-186-1|2|1
UNI00136-1|2|1
UNI00137-1|2|1
UNI00138-1|2|1
UNI00141-1|2|1
UNI00143-1|2|1
UNI00144-1|2|1
UNI00145-1|2|1
UNI00146-1|2|1
UNI00147-1|2|1
UNI00148-1|2|1
UNI00149-1|2|1
UNI00150-1|2|1
UNI00151-1|2|1
UNI00152-1|2|1
UNI00153-1|2|1
UNI00154-1|2|1
UNI00155-1|2|1
UNI00156-1|2|1
UNI00157-1|2|1
UNI00158-1|2|1
UNI00159-1|2|1
UNI00160-1|2|1
UNI00161-1|2|1
UNI00162-1|2|1
UNI00163-1|2|1
UNI00164-1|2|1
UNI00165-1|2|1
UNI00166-1|2|1
COR00008-1|2|1
UNI00167-1|2|1
UNI00168-1|2|1
UNI00169-1|2|1
SERG-167-1|2|1
UNI00170-1|2|1
UNI00171-1|2|1
UNI00172-1|2|1
UNI00173-1|2|1
UNI00174-1|2|1
UNI00175-1|2|1
UNI00176-1|2|1
UNI00178-1|2|1
ANG00003-1|2|1
CAD00001-1|2|1
CAD00002-1|2|1
CAD00003-1|2|1
CAD00004-1|2|1
CAD00005-1|2|1
CAD00006-1|2|1
CAD00007-1|2|1
CAD00008-1|2|1
CAD00010-1|2|1
CAD00011-1|2|1
CAD00012-1|2|1
CAD00013-1|2|1
CAD00014-1|2|1
CAD00015-1|2|1
CAD00016-1|2|1
CAD00017-1|2|1
CAD00018-1|2|1
CAD00019-1|2|1
CAD00020-1|2|1
CAD00021-1|2|1
CAD00022-1|2|1
CAD00023-1|2|1
CAD00024-1|2|1
CON00002-1|2|1
CON00003-1|2|1
CON00004-1|2|1
CON00005-1|2|1
CON00006-1|2|1
CON00007-1|2|1
CON00008-1|2|1
CON00009-1|2|1
CON00010-1|2|1
CON00011-1|2|1
CON00012-1|2|1
CON00013-1|2|1
CON00014-1|2|1
CON00015-1|2|1
COR00004-1|2|1
COR00005-1|2|1
COR00006-1|2|1
COR00007-1|2|1
COR00009-1|2|1
COR00010-1|2|1
COR00011-1|2|1
COR00012-1|2|1
COR00013-1|2|1
COR00014-1|2|1
COR00015-1|2|1
COR00016-1|2|1
COR00017-1|2|1
COR00018-1|2|1
COR00019-1|2|1
COR00020-1|2|1
COR00021-1|2|1
COR00022-1|2|1
COR00023-1|2|1
COR00024-1|2|1
COR00025-1|2|1
COR00026-1|2|1
COR00027-1|2|1
COR00028-1|2|1
COR00029-1|2|1
ELC00007-1|2|1
ELC00008-1|2|1
ELC00009-1|2|1
ELC00010-1|2|1
ELC00011-1|2|1
ELC00012-1|2|1
ELC00013-1|2|1
ELC00014-1|2|1
ELC00050-1|2|1
ELC00015-1|2|1
ELC00016-1|2|1
ELC00017-1|2|1
ELC00018-1|2|1
ELC00019-1|2|1
ELC00020-1|2|1
ELC00021-1|2|1
ELC00022-1|2|1
ELC00023-1|2|1
ELC00024-1|2|1
ELC00025-1|2|1
ELC00026-1|2|1
ELC00027-1|2|1
ELC00028-1|2|1
ELC00029-1|2|1
ELC00030-1|2|1
ELC00031-1|2|1
ELC00032-1|2|1
ELC00033-1|2|1
ELC00034-1|2|1
ELC00035-1|2|1
ELC00036-1|2|1
ELC00037-1|2|1
ELC00038-1|2|1
ELC00039-1|2|1
ELC00040-1|2|1
ELC00041-1|2|1
ELC00042-1|2|1
ELC00043-1|2|1
ELC00044-1|2|1
ELC00045-1|2|1
ELC00046-1|2|1
ELC00047-1|2|1
ELC00048-1|2|1
ELC00049-1|2|1
ELC00051-1|2|1
ELC00052-1|2|1
ELC00053-1|2|1
ELC00054-1|2|1
ELC00055-1|2|1
ELC00056-1|2|1
ELC00057-1|2|1
ELC00058-1|2|1
ELC00059-1|2|1
ELC00060-1|2|1
ELC00061-1|2|1
ELC00062-1|2|1
ELC00063-1|2|1
ELC00064-1|2|1
ELC00065-1|2|1
ELC00066-1|2|1
ELC00067-1|2|1
ELC00068-1|2|1
ELC00070-1|2|1
ELC00071-1|2|1
ELC00072-1|2|1
ELC00073-1|2|1
ELC00074-1|2|1
ELC00075-1|2|1
ELC00076-1|2|1
ELC00077-1|2|1
ELC00078-1|2|1
ELC00079-1|2|1
ELC00080-1|2|1
EMP00003-1|2|1
EMP00004-1|2|1
EMP00005-1|2|1
EMP00006-1|2|1
EMP00007-1|2|1
EMP00008-1|2|1
EMP00009-1|2|1
EMP00010-1|2|1
EMP00011-1|2|1
EMP00012-1|2|1
EMP00013-1|2|1
EMP00014-1|2|1
EMP00015-1|2|1
EMP00017-1|2|1
EMP00019-1|2|1
EMP00020-1|2|1
EMP00021-1|2|1
EMP00022-1|2|1
EMP00023-1|2|1
EMP00024-1|2|1
EMP00025-1|2|1
TPK351481-0320-1|2|1
EMP00027-1|2|1
EMP00028-1|2|1
EMP00029-1|2|1
EMP00030-1|2|1
EMP00031-1|2|1
EMP00032-1|2|1
EST00014-1|2|1
EMP00033-1|2|1
EST00001-1|2|1
EST00002-1|2|1
EST00003-1|2|1
EST00004-1|2|1
EST00005-1|2|1
EST00006-1|2|1
EST00007-1|2|1
EST00008-1|2|1
EST00009-1|2|1
EST00010-1|2|1
EST00011-1|2|1
EST00012-1|2|1
SERG-026-1|2|1
EST00013-1|2|1
EST00015-1|2|1
EST00016-1|2|1
EST00017-1|2|1
EST00018-1|2|1
EST00019-1|2|1
EST00020-1|2|1
EST00021-1|2|1
EST00022-1|2|1
EST00023-1|2|1
EST00024-1|2|1
EST00025-1|2|1
EST00026-1|2|1
EST00027-1|2|1
EST00028-1|2|1
EST00029-1|2|1
EST00030-1|2|1
EST00031-1|2|1
EST00032-1|2|1
EST00033-1|2|1
EST00034-1|2|1
EST00035-1|2|1
EST00038-1|2|1
EST00039-1|2|1
EST00040-1|2|1
EST00041-1|2|1
EST00042-1|2|1
EST00043-1|2|1
EST00044-1|2|1
EST00045-1|2|1
EST00046-1|2|1
EST00047-1|2|1
EST00048-1|2|1
EST00049-1|2|1
EST00050-1|2|1
FIL00005-1|2|1
FIL00006-1|2|1
FIL00007-1|2|1
FIL00008-1|2|1
FIL00009-1|2|1
FIL00010-1|2|1
FIL00011-1|2|1
FIL00012-1|2|1
FIL00013-1|2|1
FIL00014-1|2|1
FIL00015-1|2|1
FIL00016-1|2|1
FUS00001-1|2|1
FUS00002-1|2|1
FUS00003-1|2|1
FUS00004-1|2|1
FUS00005-1|2|1
FUS00006-1|2|1
FUS00007-1|2|1
FUS00008-1|2|1
FUS00009-1|2|1
NEU00001-1|2|1
NEU00002-1|2|1
NEU00003-1|2|1
NEU00004-1|2|1
NEU00007-1|2|1
NEU00008-1|2|1
NEU00009-1|2|1
NEU00010-1|2|1
NEU00013-1|2|1
NEU00016-1|2|1
NEU00017-1|2|1
NEU00018-1|2|1
NEU00019-1|2|1
NEU00021-1|2|1
NEU00022-1|2|1
NEU00023-1|2|1
NEU00024-1|2|1
NEU00025-1|2|1
NEU00026-1|2|1
NEU00027-1|2|1
NEU00028-1|2|1
NEU00029-1|2|1
NEU00030-1|2|1
NEU00031-1|2|1
NEU00032-1|2|1
NEU00033-1|2|1
NEU00034-1|2|1
NEU00035-1|2|1
NEU00036-1|2|1
NEU00037-1|2|1
NEU00038-1|2|1
NEU00039-1|2|1
NEU00040-1|2|1
NEU00041-1|2|1
NEU00042-1|2|1
NEU00043-1|2|1
NEU00044-1|2|1
NEU00045-1|2|1
NEU00046-1|2|1
NEU00047-1|2|1
NEU00048-1|2|1
NEU00049-1|2|1
NEU00050-1|2|1
NEU00051-1|2|1
NEU00052-1|2|1
NEU00053-1|2|1
NEU00054-1|2|1
NEU00055-1|2|1
NEU00056-1|2|1
NEU00057-1|2|1
NEU00058-1|2|1
NEU00059-1|2|1
NEU00060-1|2|1
NEU00061-1|2|1
NEU00062-1|2|1
NEU00063-1|2|1
NEU00064-1|2|1
NEU00065-1|2|1
NEU00066-1|2|1
NEU00067-1|2|1
ORI00001-1|2|1
ORI00002-1|2|1
ORI00003-1|2|1
ORI00004-1|2|1
ORI00005-1|2|1
ORI00006-1|2|1
ORI00007-1|2|1
ORI00008-1|2|1
ORI00009-1|2|1
ORI00010-1|2|1
ORI00011-1|2|1
ORI00012-1|2|1
ORI00013-1|2|1
ORI00014-1|2|1
ORI00015-1|2|1
ORI00016-1|2|1
ORI00017-1|2|1
ORI00018-1|2|1
ORI00019-1|2|1
ORI00020-1|2|1
SERG-027-1|2|1
ORI00021-1|2|1
ORI00022-1|2|1
ORI00023-1|2|1
ORI00025-1|2|1
PLO00001-1|2|1
SERG-019-1|2|1
PLO00002-1|2|1
PLO00003-1|2|1
PLO00004-1|2|1
PLO00005-1|2|1
PLO00006-1|2|1
PLO00007-1|2|1
PLO00008-1|2|1
PLO00009-1|2|1
PLO00010-1|2|1
TPK90600-3294-1|2|1
PLO00011-1|2|1
PLO00012-1|2|1
PLO00013-1|2|1
PLO00014-1|2|1
PLO00015-1|2|1
PLO00016-1|2|1
PLO00017-1|2|1
PLO00018-1|2|1
PLO00019-1|2|1
PLO00020-1|2|1
PLO00021-1|2|1
PLO00022-1|2|1
PLO00023-1|2|1
PLO00024-1|2|1
PLO00026-1|2|1
PLO00027-1|2|1
PLO00028-1|2|1
PLO00029-1|2|1
PLO00030-1|2|1
PLO00031-1|2|1
PLO00032-1|2|1
PLO00033-1|2|1
PVC00027-1|2|1
PLO00034-1|2|1
PLO00036-1|2|1
PLO00037-1|2|1
PLO00039-1|2|1
PLO00041-1|2|1
PLO00042-1|2|1
PLO00043-1|2|1
PLO00044-1|2|1
PVC00001-1|2|1
PVC00002-1|2|1
PVC00003-1|2|1
PVC00004-1|2|1
PVC00005-1|2|1
PVC00006-1|2|1
PVC00007-1|2|1
PVC00008-1|2|1
PVC00009-1|2|1
PVC00010-1|2|1
PVC00011-1|2|1
PVC00012-1|2|1
PVC00013-1|2|1
PVC00014-1|2|1
PVC00015-1|2|1
PVC00016-1|2|1
PVC00017-1|2|1
PVC00018-1|2|1
PVC00019-1|2|1
PVC00020-1|2|1
PVC00021-1|2|1
PVC00022-1|2|1
PVC00023-1|2|1
PVC00024-1|2|1
PVC00025-1|2|1
PVC00026-1|2|1
PVC00028-1|2|1
PVC00029-1|2|1
PVC00030-1|2|1
PVC00031-1|2|1
PVC00032-1|2|1
PVC00033-1|2|1
PVC00034-1|2|1
PVC00037-1|2|1
PVC00038-1|2|1
TPK90600-3313-1|2|1
ROD00002-1|2|1
ROD00003-1|2|1
ROD00004-1|2|1
ROD00005-1|2|1
SERG-020-1|2|1
ROD00006-1|2|1
ROD00007-1|2|1
ROD00008-1|2|1
ROD00009-1|2|1
ROD00010-1|2|1
ROD00011-1|2|1
ROD00012-1|2|1
ROD00013-1|2|1
ROD00014-1|2|1
ROD00015-1|2|1
ROD00016-1|2|1
ROD00017-1|2|1
ROD00018-1|2|1
ROD00019-1|2|1
ROD00020-1|2|1
ROD00021-1|2|1
ROD00022-1|2|1
ROD00023-1|2|1
ROD00024-1|2|1
ROD00025-1|2|1
SERG-142-1|2|1
ROD00026-1|2|1
ROD00027-1|2|1
ROD00028-1|2|1
ROD00029-1|2|1
ROD00030-1|2|1
ROD00031-1|2|1
ROD00032-1|2|1
SERG-021-1|2|1
ROD00033-1|2|1
ROD00034-1|2|1
ROD00035-1|2|1
ROD00036-1|2|1
ROD00038-1|2|1
ROD00039-1|2|1
ROD00043-1|2|1
ROD00044-1|2|1
ROD00045-1|2|1
ROD00046-1|2|1
ROD00047-1|2|1
ROD00048-1|2|1
ROD00049-1|2|1
ROD00050-1|2|1
ROD00051-1|2|1
ROD00052-1|2|1
ROD00053-1|2|1
ROD00054-1|2|1
ROD00055-1|2|1
ROD00056-1|2|1
ROD00057-1|2|1
ROD00058-1|2|1
ROD00059-1|2|1
ROD00060-1|2|1
SMC00001-1|2|1
SMC00002-1|2|1
SMC00003-1|2|1
SERG-022-1|2|1
SMC00004-1|2|1
SMC00005-1|2|1
SMC00006-1|2|1
SMC00007-1|2|1
TOR00001-1|2|1
TOR00002-1|2|1
TOR00003-1|2|1
TOR00004-1|2|1
TOR00005-1|2|1
TOR00006-1|2|1
TOR00007-1|2|1
TOR00008-1|2|1
TOR00009-1|2|1
TOR00010-1|2|1
TOR00011-1|2|1
TOR00012-1|2|1
TOR00013-1|2|1
TPK2587997-0000-1|2|1
TPK2634972-0000-1|2|1
TOR00014-1|2|1
SERG-191-1|2|1
TOR00015-1|2|1
TOR00016-1|2|1
TOR00017-1|2|1
TOR00018-1|2|1
TOR00019-1|2|1
TOR00020-1|2|1
TOR00021-1|2|1
TOR00022-1|2|1
TOR00023-1|2|1
TOR00024-1|2|1
TOR00025-1|2|1
TOR00026-1|2|1
TOR00027-1|2|1
TOR00028-1|2|1
TOR00029-1|2|1
TOR00030-1|2|1
TOR00031-1|2|1
TOR00032-1|2|1
TOR00033-1|2|1
TOR00034-1|2|1
TOR00035-1|2|1
TOR00036-1|2|1
TOR00037-1|2|1
TOR00039-1|2|1
TOR00040-1|2|1
SERG-028-1|2|1
TPK90600-3322-1|2|1
TOR00041-1|2|1
TOR00042-1|2|1
TOR00043-1|2|1
TPK  344207-1056-1|2|1
TPK 2898309-0000-1|2|1
TPK 344207-1034-1|2|1
TPK 6-99041361-1|2|1
TPK3034434-0000-1|2|1
TPK 90042-0170-1|2|1
SERG-213-1|2|1
TPK 90166-0159-1|2|1
TPK 90459-1194-1|2|1
TPK 90459-4245-1|2|1
TPK 90503-6593-1|2|1
TPK 1030828-0000-1|2|1
TPK 2855405-0000-1|2|1
TPK 929372-0000-1|2|1
TPK1030338-0000-1|2|1
TPK1294622-0000-1|2|1
TPK1294953-0000-1|2|1
TPK1347496-0000-1|2|1
TPK1478359-0000-1|2|1
TPK1517293-0000-1|2|1
TPK1524481-0000-1|2|1
TPK1548541-0000-1|2|1
TPK21903-0000-1|2|1
TPK2526249-0000-1|2|1
TPK2741004-0000-1|2|1
TPK2772646-0000-1|2|1
TPK2818125-0000-1|2|1
TPK2852410-0000-1|2|1
TPK2885029-0000-1|2|1
TPK2940246-0000-1|2|1
TPK3008852-0000-1|2|1
TPK3013521-0000-1|2|1
TPK312105-0287-1|2|1
TPK312105-0459-1|2|1
TPK312115-0327-1|2|1
TPK312115-0370-1|2|1
TPK312155-0289-1|2|1
TPK312155-0323-1|2|1
TPK315202-0214-1|2|1
TPK315202-0218-1|2|1
TPK315202-0221-1|2|1
TPK315202-0311-1|2|1
TPK315202-0318-1|2|1
TPK315202-0705-1|2|1
TPK315202-0741-1|2|1
TPK315204-0122-1|2|1
TPK315205-0716-1|2|1
TPK315207-0714-1|2|1
TPK315221-0137-1|2|1
TPK315221-0158-1|2|1
TPK315221-0820-1|2|1
TPK315750-0107-1|2|1
TPK315751-0119-1|2|1
TPK315751-0130-1|2|1
TPK315753-0130-1|2|1
TPK315755-0108-1|2|1
TPK344207-1033-1|2|1
TPK344207-1041-1|2|1
TPK344207-1047-1|2|1
TPK344210-0110-1|2|1
TPK344210-0217-1|2|1
TPK344210-0222-1|2|1
TPK344210-0265-1|2|1
TPK344210-0305-1|2|1
TPK344210-0309-1|2|1
TPK350001-0006-1|2|1
TPK350002-0007-1|2|1
TPK351416-0060-1|2|1
TPK351523-0301-1|2|1
TPK354002-0100-1|2|1
TPK491418-0001-1|2|1
TPK6-3180121901-1|2|1
TPK6-3180121904-1|2|1
TPK6-9611924005-1|2|1
TPK6-9611924006-1|2|1
TPK6-9611993350-1|2|1
TPK6-99026253-1|2|1
TPK6-99041569-1|2|1
TPK6-99041727-1|2|1
TPK6-99041753-1|2|1
TPK752186-0001-1|2|1
TPK90031-0068-1|2|1
TPK90042-0172-1|2|1
TPK90042-0206-1|2|1
TPK90042-0249-1|2|1
TPK90042-0254-1|2|1
TPK90091-0298-1|2|1
TPK90091-0362-1|2|1
TPK90091-0364-1|2|1
TPK90091-0391-1|2|1
TPK90091-0398-1|2|1
TPK90091-0438-1|2|1
TPK90092-0048-1|2|1
TPK90143-0097-1|2|1
TPK90152-0017-1|2|1
TPK90214-0303-1|2|1
TPK90239-0357-1|2|1
TPK90239-0405-1|2|1
TPK90240-0184-1|2|1
TPK90600-3565-1|2|1
TPK90326-0042-1|2|1
TPK90326-0048-1|2|1
TPK90439-0236-1|2|1
TPK90459-0094-1|2|1
TPK90459-1650-1|2|1
TPK90459-2457-1|2|1
TPK90459-2508-1|2|1
TPK90459-2527-1|2|1
TPK90459-2591-1|2|1
TPK90600-2017-1|2|1
TPK90459-4807-1|2|1
TPK90459-5321-1|2|1
TPK90459-6330-1|2|1
TPK90459-6556-1|2|1
TPK90459-6692-1|2|1
TPK90459-6975-1|2|1
TPK90459-7274-1|2|1
TPK90503-1112-1|2|1
TPK90503-2293-1|2|1
TPK90503-2432-1|2|1
TPK90503-6594-1|2|1
TPK90511-3611-1|2|1
TPK90600-5840-1|2|1
TPK90600-7487-1|2|1
TPK90601-7290-1|2|1
TPK90603-3540-1|2|1
TPK90603-3727-1|2|1
TPK90603-4697-1|2|1
TPK90604-1818-1|2|1
TPK90604-1824-1|2|1
TPK1021091-0000-1|2|1
TPK1021095-0002-1|2|1
TPK1021129-0000-1|2|1
TPK1021130-0000-1|2|1
TPK1021166-0000-1|2|1
TPK1030158-0000-1|2|1
TPK1030360-0000-1|2|1
TPK1030917-0000-1|2|1
TPK1035788-0000-1|2|1
TPK1035792-0000-1|2|1
TPK1035794-0000-1|2|1
TPK1036155-0000-1|2|1
TPK1036156-0000-1|2|1
TPK1036483-0000-1|2|1
TPK1036494-0000-1|2|1
TPK1036584-0000-1|2|1
TPK1036615-0000-1|2|1
TPK1036616-0000-1|2|1
TPK1036618-0000-1|2|1
TPK1036620-0000-1|2|1
TPK1036622-0000-1|2|1
TPK1036623-0000-1|2|1
TPK1037104-0000-1|2|1
TPK1037254-0000-1|2|1
TPK1037849-0000-1|2|1
TPK1037853-0000-1|2|1
TPK1038021-0000-1|2|1
TPK1038240-0000-1|2|1
TPK1038509-0000-1|2|1
TPK1040852-0000-1|2|1
TPK107426-0000-1|2|1
TPK1074308-1|2|1
TPK1110083-0002-1|2|1
TPK1110083-0003-1|2|1
TPK90600-3673-1|2|1
TPK1124759-0000-1|2|1
TPK1140603-0000-1|2|1
TPK1144312-0000-1|2|1
TPK1144335-0000-1|2|1
TPK1144345-0000-1|2|1
TPK1144354-0000-1|2|1
TPK1144417-0000-1|2|1
TPK1144492-0000-1|2|1
TPK1144494-0000-1|2|1
TPK1144508-0000-1|2|1
TPK1144511-0000-1|2|1
TPK1144514-0000-1|2|1
TPK1144515-0000-1|2|1
TPK1144517-0000-1|2|1
TPK1144665-0000-1|2|1
TPK1144683-0000-1|2|1
TPK1144783-0000-1|2|1
TPK1144841-0000-1|2|1
TPK1144978-0000-1|2|1
TPK1144979-0000-1|2|1
TPK1195037-0000-1|2|1
TPK12242-0001-1|2|1
TPK12242-0003-1|2|1
TPK1255117-0000-1|2|1
TPK1255390-0000-1|2|1
TPK1255557-0000-1|2|1
TPK1259702-0000-1|2|1
TPK1282646-0000-1|2|1
TPK1282708-0000-1|2|1
TPK1285003-0000-1|2|1
TPK1285005-0000-1|2|1
TPK1285006-0000-1|2|1
TPK1294648-0000-1|2|1
TPK1294650-0000-1|2|1
TPK1294653-0000-1|2|1
TPK1294696-0000-1|2|1
TPK1294699-0000-1|2|1
TPK1294728-0000-1|2|1
TPK1294817-0001-1|2|1
TPK1294817-0002-1|2|1
TPK1294818-0001-1|2|1
TPK1294833-0000-1|2|1
TPK1294936-0000-1|2|1
TPK1294985-0000-1|2|1
TPK1294986-0001-1|2|1
TPK1294986-0002-1|2|1
TPK1317362-0000-1|2|1
TPK1317363-0000-1|2|1
TPK1317633-0000-1|2|1
TPK1346890-0000-1|2|1
TPK1347495-0000-1|2|1
TPK1348053-0000-1|2|1
TPK1348504-0000-1|2|1
TPK1348529-0000-1|2|1
TPK1348537-0000-1|2|1
TPK1348955-0000-1|2|1
TPK1349516-0000-1|2|1
TPK1349517-0000-1|2|1
TPK1349612-0000-1|2|1
TPK1349780-0000-1|2|1
TPK1350498-0000-1|2|1
TPK1350959-0000-1|2|1
TPK1350975-0000-1|2|1
TPK1350976-0000-1|2|1
TPK1353550-0000-1|2|1
TPK1353572-0000-1|2|1
TPK1353617-0000-1|2|1
TPK1353618-0000-1|2|1
TPK1466401-0000-1|2|1
TPK1466468-0000-1|2|1
TPK1466474-0000-1|2|1
TPK1466543-0000-1|2|1
TPK1466544-0000-1|2|1
TPK1466779-0000-1|2|1
TPK1478928-0000-1|2|1
TPK1484620-0000-1|2|1
TPK1484695-0000-1|2|1
TPK1487626-0000-1|2|1
TPK1487627-0000-1|2|1
TPK1487634-0000-1|2|1
TPK1487635-0000-1|2|1
TPK1490407-0000-1|2|1
TPK1497193-0000-1|2|1
TPK1498047-0000-1|2|1
TPK1498068-0000-1|2|1
TPK1499170-0000-1|2|1
TPK1499481-0000-1|2|1
TPK1499642-0301-1|2|1
TPK1499678-0000-1|2|1
TPK1502998-0000-1|2|1
TPK1511195-0000-1|2|1
TPK1511492-0000-1|2|1
TPK1511512-0000-1|2|1
TPK1512583-0000-1|2|1
TPK1514455-0000-1|2|1
TPK1515006-0000-1|2|1
TPK1516239-0000-1|2|1
TPK1516240-0000-1|2|1
TPK1516241-0000-1|2|1
TPK1516243-0000-1|2|1
TPK1516244-0000-1|2|1
TPK1516245-0000-1|2|1
TPK1516270-0000-1|2|1
TPK1516340-0000-1|2|1
TPK1516351-0000-1|2|1
TPK1517348-0000-1|2|1
TPK1519159-0000-1|2|1
TPK90600-3677-1|2|1
TPK1519625-0000-1|2|1
TPK1520494-0000-1|2|1
TPK1520633-0002-1|2|1
TPK1523154-0003-1|2|1
TPK1523154-0005-1|2|1
TPK1528639-0000-1|2|1
TPK1529521-0000-1|2|1
TPK1529568-0000-1|2|1
TPK1533053-0000-1|2|1
TPK1533092-0001-1|2|1
TPK1533098-0000-1|2|1
TPK1533156-0000-1|2|1
TPK1538109-0000-1|2|1
TPK1538348-0000-1|2|1
TPK1538349-0000-1|2|1
TPK1539108-0000-1|2|1
TPK1548751-0000-1|2|1
TPK1548940-0000-1|2|1
TPK1556626-0000-1|2|1
TPK1556630-0000-1|2|1
TPK1558327-0000-1|2|1
TPK1558701-0000-1|2|1
TPK1607050-0005-1|2|1
TPK1755-0001-1|2|1
TPK1755-0002-1|2|1
TPK1755-0003-1|2|1
TPK19972-0000-1|2|1
TPK2033-0007-1|2|1
TPK2033-0009-1|2|1
TPK2033-0011-1|2|1
TPK2033-0014-1|2|1
TPK20494-0000-1|2|1
TPK21047-0000-1|2|1
TPK22463-0000-1|2|1
TPK246513-0000-1|2|1
TPK24928-0000-1|2|1
TPK2501847-0000-1|2|1
TPK2501848-0000-1|2|1
TPK2504063-0000-1|2|1
TPK2504074-0000-1|2|1
TPK2504188-0000-1|2|1
TPK2504809-0000-1|2|1
TPK2506940-0000-1|2|1
TPK2510372-0000-1|2|1
TPK2510787-0000-1|2|1
TPK2518145-0101-1|2|1
TPK2522213-0004-1|2|1
TPK2522213-0008-1|2|1
TPK2522213-0009-1|2|1
TPK2522213-0015-1|2|1
TPK2528230-0000-1|2|1
TPK2529786-0000-1|2|1
TPK2530292-0000-1|2|1
TPK2530293-0000-1|2|1
TPK2530296-0000-1|2|1
TPK2530418-0000-1|2|1
TPK2532531-0000-1|2|1
TPK2532544-0000-1|2|1
TPK2532915-0000-1|2|1
TPK2532965-0000-1|2|1
TPK2533671-0000-1|2|1
TPK2535553-0000-1|2|1
TPK2541648-0000-1|2|1
TPK2541682-0000-1|2|1
TPK2544312-0000-1|2|1
TPK2547588-0000-1|2|1
TPK2547589-0000-1|2|1
TPK2555616-0000-1|2|1
TPK2555625-0000-1|2|1
TPK255742-0000-1|2|1
TPK255801-0000-1|2|1
TPK255978-0000-1|2|1
TPK2562321-0000-1|2|1
TPK2563762-0000-1|2|1
TPK2564107-0000-1|2|1
TPK256576-0000-1|2|1
TPK256607-0000-1|2|1
TPK256629-0001-1|2|1
TPK256859-0000-1|2|1
TPK256860-0000-1|2|1
TPK256882-0000-1|2|1
TPK2569878-0000-1|2|1
TPK257362-0000-1|2|1
TPK2592780-0000-1|2|1
TPK2599773-0000-1|2|1
TPK2610933-0000-1|2|1
TPK2640354-0000-1|2|1
TPK2644623-0000-1|2|1
TPK2656491-0000-1|2|1
TPK2656672-0000-1|2|1
TPK2664454-0000-1|2|1
TPK266710-0000-1|2|1
TPK2684864-0000-1|2|1
TPK2703634-0000-1|2|1
TPK2703708-0000-1|2|1
TPK2703725-0000-1|2|1
TPK2709234-0000-1|2|1
TPK271269-0000-1|2|1
TPK2715798-0000-1|2|1
TPK2715889-0000-1|2|1
TPK2715975-0000-1|2|1
TPK271846-0000-1|2|1
TPK271848-0000-1|2|1
TPK2718826-0000-1|2|1
TPK2725145-0000-1|2|1
TPK2727353-0000-1|2|1
TPK272753-0000-1|2|1
TPK272755-0000-1|2|1
TPK272973-0000-1|2|1
TPK2730989-0000-1|2|1
TPK2734102-0000-1|2|1
TPK90600-3723-1|2|1
TPK2740372-0000-1|2|1
TPK2744234-0000-1|2|1
TPK2751585-0000-1|2|1
TPK2752695-0000-1|2|1
TPK2752701-0000-1|2|1
TPK2761952-0000-1|2|1
TPK2761962-0000-1|2|1
TPK2764035-0000-1|2|1
TPK2767621-0000-1|2|1
TPK2772647-0000-1|2|1
TPK2772648-0000-1|2|1
TPK2773510-0000-1|2|1
TPK2773587-0000-1|2|1
TPK2773828-0000-1|2|1
TPK2774465-0000-1|2|1
TPK2774466-0000-1|2|1
TPK2774798-0000-1|2|1
TPK2774799-0000-1|2|1
TPK2774936-0000-1|2|1
TPK2778960-0000-1|2|1
TPK2787568-0000-1|2|1
TPK2789208-0000-1|2|1
TPK2796072-0002-1|2|1
TPK2798473-0000-1|2|1
TPK2800198-0000-1|2|1
TPK2800215-0000-1|2|1
TPK2802756-0000-1|2|1
TPK2805193-0000-1|2|1
TPK2808230-0000-1|2|1
TPK2808748-0000-1|2|1
TPK2808802-0000-1|2|1
TPK2808892-0000-1|2|1
TPK2809846-0000-1|2|1
TPK2810637-0100-1|2|1
TPK2813730-0000-1|2|1
TPK2813731-0000-1|2|1
TPK2815967-0000-1|2|1
TPK2818092-0000-1|2|1
TPK2818126-0000-1|2|1
TPK2819309-0000-1|2|1
TPK2819310-0000-1|2|1
TPK2826398-0000-1|2|1
TPK2826440-0000-1|2|1
TPK2826441-0000-1|2|1
TPK2826443-0000-1|2|1
TPK2830430-0000-1|2|1
TPK2831048-0000-1|2|1
TPK2831684-0000-1|2|1
TPK2831686-0000-1|2|1
TPK2834035-0000-1|2|1
TPK2835290-0000-1|2|1
TPK2835326-0000-1|2|1
TPK2835327-0000-1|2|1
TPK2835893-0000-1|2|1
TPK2835895-0001-1|2|1
TPK2836238-0000-1|2|1
TPK2836239-0000-1|2|1
TPK2837076-0000-1|2|1
TPK2837077-0000-1|2|1
TPK2837096-0000-1|2|1
TPK2842776-0000-1|2|1
TPK2842777-0001-1|2|1
TPK2842778-0000-1|2|1
TPK2842779-0000-1|2|1
TPK2842781-0000-1|2|1
TPK2842782-0000-1|2|1
TPK2844190-0000-1|2|1
TPK2845139-0000-1|2|1
TPK2846520-1|2|1
TPK2846667-0000-1|2|1
TPK2847931-0000-1|2|1
TPK2847932-0000-1|2|1
TPK2848842-0000-1|2|1
TPK90600-3737-1|2|1
TPK2852401-0000-1|2|1
TPK2852917-0000-1|2|1
TPK2855235-0000-1|2|1
TPK2855309-0000-1|2|1
TPK2856537-0000-1|2|1
TPK2857743-0000-1|2|1
TPK2861519-0000-1|2|1
TPK2863174-0000-1|2|1
TPK2867523-0000-1|2|1
TPK2868214-0000-1|2|1
TPK2868215-0000-1|2|1
TPK2869193-0000-1|2|1
TPK2869194-0000-1|2|1
TPK2869195-0000-1|2|1
TPK2871128-0000-1|2|1
TPK2871950-0000-1|2|1
TPK2871956-0000-1|2|1
TPK2877469-0000-1|2|1
TPK2883295-0000-1|2|1
TPK2887735-0000-1|2|1
TPK2888970-0438-1|2|1
TPK2890117-0000-1|2|1
TPK2890692-0000-1|2|1
TPK2895003-0000-1|2|1
TPK2896520-0000-1|2|1
TPK2898310-0000-1|2|1
TPK2905199-0000-1|2|1
TPK2906065-0000-1|2|1
TPK2906117-0000-1|2|1
TPK2909137-0000-1|2|1
TPK2909138-0000-1|2|1
TPK2909368-0000-1|2|1
TPK2911322-0000-1|2|1
TPK2912006-0000-1|2|1
TPK2912228-0003-1|2|1
TPK2914730-0000-1|2|1
TPK2914981-0000-1|2|1
TPK2914982-0000-1|2|1
TPK2914984-0000-1|2|1
TPK2916131-0000-1|2|1
TPK2920987-0000-1|2|1
TPK2922724-0000-1|2|1
TPK2922767-0002-1|2|1
TPK2922767-0003-1|2|1
TPK2922973-0000-1|2|1
TPK2923820-0008-1|2|1
TPK2925912-0000-1|2|1
TPK2931192-0000-1|2|1
TPK3527983-0000-1|2|1
TPK2937388-0000-1|2|1
TPK2939843-0000-1|2|1
TPK2943562-0000-1|2|1
TPK2945466-0000-1|2|1
TPK2945467-0002-1|2|1
TPK2945467-0003-1|2|1
TPK2948626-0000-1|2|1
TPK2948627-0000-1|2|1
TPK2948629-0000-1|2|1
TPK2948630-0000-1|2|1
TPK2948898-0000-1|2|1
TPK2948899-0000-1|2|1
TPK2948958-0000-1|2|1
TPK2950347-0000-1|2|1
TPK2952691-0101-1|2|1
TPK295376-0000-1|2|1
TPK295377-0001-1|2|1
TPK2958240-0000-1|2|1
TPK2958241-0000-1|2|1
TPK2958757-0000-1|2|1
TPK2959014-0000-1|2|1
TPK2961519-0000-1|2|1
TPK2961956-0000-1|2|1
TPK2962052-0000-1|2|1
TPK90600-3924-1|2|1
TPK2963237-0000-1|2|1
TPK2964390-0000-1|2|1
TPK2964542-0000-1|2|1
TPK2966896-0000-1|2|1
TPK2968253-0000-1|2|1
TPK2968260-0000-1|2|1
TPK2970823-0000-1|2|1
TPK2976089-0000-1|2|1
TPK2979699-0000-1|2|1
TPK2983172-0000-1|2|1
TPK2983173-0000-1|2|1
TPK2986772-0000-1|2|1
TPK2986941-0000-1|2|1
TPK2986990-0000-1|2|1
TPK2987003-0000-1|2|1
TPK2987004-0000-1|2|1
TPK2987005-0000-1|2|1
TPK2987006-0000-1|2|1
TPK2987967-0000-1|2|1
TPK2991055-0616-1|2|1
TPK2995753-0000-1|2|1
TPK2997340-0000-1|2|1
TPK2997341-0000-1|2|1
TPK2999019-0000-1|2|1
TPK3004042-0000-1|2|1
TPK3008105-0000-1|2|1
TPK3008845-0000-1|2|1
TPK3008846-0000-1|2|1
TPK3009960-0000-1|2|1
TPK3010705-0000-1|2|1
TPK3013888-0000-1|2|1
TPK3013889-0000-1|2|1
TPK3015733-0000-1|2|1
TPK3019317-0000-1|2|1
TPK3020132-0000-1|2|1
TPK3022273-0000-1|2|1
TPK3023522-0000-1|2|1
TPK3024322-0000-1|2|1
TPK3024714-0000-1|2|1
TPK3037861-0000-1|2|1
TPK3037862-0000-1|2|1
TPK3037955-0000-1|2|1
TPK3037996-0001-1|2|1
TPK3039948-0000-1|2|1
TPK3040850-0000-1|2|1
TPK3042491-0000-1|2|1
TPK3042521-0000-1|2|1
TPK3042528-0000-1|2|1
TPK3042605-0000-1|2|1
TPK3046527-0000-1|2|1
TPK3047318-0000-1|2|1
TPK3047360-0000-1|2|1
TPK3052536-0000-1|2|1
TPK3056215-0000-1|2|1
TPK3061448-0000-1|2|1
TPK3069061-0000-1|2|1
TPK3081056-0000-1|2|1
TPK3081059-0000-1|2|1
TPK3490718-0000-1|2|1
TPK3088883-0105-1|2|1
TPK3092164-0000-1|2|1
TPK3092829-0000-1|2|1
TPK3095377-0000-1|2|1
TPK3096231-0000-1|2|1
TPK3097792-0000-1|2|1
TPK3101168-0000-1|2|1
TPK3101169-0000-1|2|1
TPK3109510-0000-1|2|1
TPK311103-0268-1|2|1
TPK311103-0307-1|2|1
TPK311103-0400-1|2|1
TPK311103-1456-1|2|1
TPK311111-0207-1|2|1
TPK311112-0256-1|2|1
TPK311411-0169-1|2|1
TPK3117862-0000-1|2|1
TPK312101-0380-1|2|1
TPK312105-0328-1|2|1
TPK312105-0362-1|2|1
TPK312105-0368-1|2|1
TPK312105-0370-1|2|1
TPK312105-0372-1|2|1
TPK312105-0378-1|2|1
TPK312105-0382-1|2|1
TPK312105-0449-1|2|1
TPK312105-0453-1|2|1
TPK312105-0460-1|2|1
TPK312109-0374-1|2|1
TPK312109-0499-1|2|1
TPK342850-0303-1|2|1
TPK312115-0285-1|2|1
TPK312115-0297-1|2|1
TPK312115-0323-1|2|1
TPK312115-0331-1|2|1
TPK312115-0364-1|2|1
TPK312115-0366-1|2|1
TPK312115-0368-1|2|1
TPK312115-0372-1|2|1
TPK312115-0376-1|2|1
TPK312115-0380-1|2|1
TPK312115-0455-1|2|1
TPK312115-0457-1|2|1
TPK312115-0459-1|2|1
TPK312115-0460-1|2|1
TPK312125-0295-1|2|1
TPK312145-0238-1|2|1
TPK312145-0291-1|2|1
TPK312145-0325-1|2|1
TPK312155-0287-1|2|1
TPK312155-0293-1|2|1
TPK312155-0295-1|2|1
TPK312155-0325-1|2|1
TPK312155-0327-1|2|1
TPK312155-0370-1|2|1
TPK312155-0376-1|2|1
TPK312155-0451-1|2|1
TPK312155-0453-1|2|1
TPK312155-0499-1|2|1
TPK312180-0364-1|2|1
TPK312311-0374-1|2|1
TPK312318-0320-1|2|1
TPK312318-0321-1|2|1
TPK312318-0323-1|2|1
TPK312318-0362-1|2|1
TPK3124262-0000-1|2|1
TPK312605-0312-1|2|1
TPK312605-0316-1|2|1
TPK312605-0318-1|2|1
TPK312607-0312-1|2|1
TPK315202-0110-1|2|1
TPK312607-0316-1|2|1
TPK312625-0314-1|2|1
TPK312635-0320-1|2|1
TPK312805-0103-1|2|1
TPK312812-0316-1|2|1
TPK312812-0318-1|2|1
TPK312902-0318-1|2|1
TPK3131667-0102-1|2|1
TPK3131672-0101-1|2|1
TPK3133483-0000-1|2|1
TPK3142230-0000-1|2|1
TPK315101-0153-1|2|1
TPK315102-0198-1|2|1
TPK315105-0136-1|2|1
TPK315105-0146-1|2|1
TPK315105-0153-1|2|1
TPK315105-0165-1|2|1
TPK315105-0173-1|2|1
TPK315105-0178-1|2|1
TPK315106-0146-1|2|1
TPK315111-0165-1|2|1
TPK315115-0153-1|2|1
TPK315125-0153-1|2|1
TPK315202-0101-1|2|1
TPK315202-0102-1|2|1
TPK315202-0105-1|2|1
TPK315202-0107-1|2|1
TPK315202-0111-1|2|1
TPK315202-0116-1|2|1
TPK315202-0117-1|2|1
TPK315202-0217-1|2|1
TPK315202-0220-1|2|1
TPK315202-0225-1|2|1
TPK315202-0230-1|2|1
TPK315202-0242-1|2|1
TPK315202-0265-1|2|1
TPK32644-0000-1|2|1
TPK315202-0267-1|2|1
TPK315202-0301-1|2|1
TPK315202-0303-1|2|1
TPK315202-0304-1|2|1
TPK315202-0305-1|2|1
TPK315202-0308-1|2|1
TPK315202-0327-1|2|1
TPK315202-0510-1|2|1
TPK315202-0602-1|2|1
TPK90600-4033-1|2|1
TPK315202-0702-1|2|1
TPK315202-0710-1|2|1
TPK315202-0716-1|2|1
TPK315202-0717-1|2|1
TPK315202-0721-1|2|1
TPK315202-0733-1|2|1
TPK315202-0802-1|2|1
TPK351523-0208-1|2|1
TPK315204-0215-1|2|1
TPK315204-0301-1|2|1
TPK315204-0308-1|2|1
TPK315204-0309-1|2|1
TPK315204-0324-1|2|1
TPK315205-0507-1|2|1
TPK315205-0705-1|2|1
TPK315205-0713-1|2|1
TPK315205-0715-1|2|1
TPK315205-0802-1|2|1
TPK315205-0804-1|2|1
TPK315206-0739-1|2|1
TPK315211-0101-1|2|1
TPK315211-0103-1|2|1
TPK315211-0104-1|2|1
TPK315211-0111-1|2|1
TPK315220-0204-1|2|1
TPK315221-0169-1|2|1
TPK315221-0171-1|2|1
TPK315221-0185-1|2|1
TPK315221-0192-1|2|1
TPK315221-0198-1|2|1
TPK315221-0221-1|2|1
TPK315229-0101-1|2|1
TPK315229-0103-1|2|1
TPK3702316-0000-1|2|1
TPK315229-0105-1|2|1
TPK315229-0204-1|2|1
TPK315229-0205-1|2|1
TPK315229-0206-1|2|1
TPK315230-0193-1|2|1
TPK315230-0252-1|2|1
TPK315230-0274-1|2|1
TPK315230-0330-1|2|1
TPK315237-0109-1|2|1
TPK315239-0101-1|2|1
TPK315239-0110-1|2|1
TPK315259-0102-1|2|1
TPK315400-0004-1|2|1
TPK315402-0156-1|2|1
TPK315410-0103-1|2|1
TPK315701-0165-1|2|1
TPK315705-0198-1|2|1
TPK315705-0239-1|2|1
TPK315751-0103-1|2|1
TPK315751-0112-1|2|1
TPK315751-0113-1|2|1
TPK315751-0116-1|2|1
TPK3385475-0000-1|2|1
TPK315752-0124-1|2|1
TPK315753-0112-1|2|1
TPK315753-0122-1|2|1
TPK315753-0123-1|2|1
TPK315753-0124-1|2|1
TPK315753-0133-1|2|1
TPK315754-0113-1|2|1
TPK315755-0109-1|2|1
TPK315755-0110-1|2|1
TPK315755-0113-1|2|1
TPK315755-0801-1|2|1
TPK3160162-0000-1|2|1
TPK318174-0162-1|2|1
TPK318219-0389-1|2|1
TPK351565-0205-1|2|1
TPK90600-4354-1|2|1
TPK321101-0173-1|2|1
TPK321101-0203-1|2|1
TPK321101-0222-1|2|1
TPK321101-0223-1|2|1
TPK321101-0232-1|2|1
TPK321330-0105-1|2|1
TPK321105-0185-1|2|1
TPK321111-0097-1|2|1
TPK321111-0135-1|2|1
TPK321116-0234-1|2|1
TPK321120-0111-1|2|1
TPK321130-0200-1|2|1
TPK321133-0375-1|2|1
TPK321141-0104-1|2|1
TPK321141-0138-1|2|1
TPK321141-0140-1|2|1
TPK321141-0183-1|2|1
TPK321154-0060-1|2|1
TPK321154-0221-1|2|1
TPK321155-0062-1|2|1
TPK321158-0060-1|2|1
TPK321158-0142-1|2|1
TPK321158-0180-1|2|1
TPK321158-0221-1|2|1
TPK321161-0098-1|2|1
TPK321161-0142-1|2|1
TPK321161-0221-1|2|1
TPK3216804-0002-1|2|1
TPK321306-0104-1|2|1
TPK321306-0105-1|2|1
TPK321306-0107-1|2|1
TPK321308-0101-1|2|1
TPK321308-0102-1|2|1
TPK321309-0102-1|2|1
TPK321309-0103-1|2|1
TPK321309-0105-1|2|1
TPK321312-0102-1|2|1
TPK321314-0105-1|2|1
TPK321316-0102-1|2|1
TPK321328-0102-1|2|1
TPK321582-0149-1|2|1
TPK3216804-0001-1|2|1
TPK3234147-0101-1|2|1
TPK3253322-0000-1|2|1
TPK32544-0000-1|2|1
TPK3271429-0000-1|2|1
TPK3271430-0000-1|2|1
TPK3274244-0000-1|2|1
TPK3290908-0000-1|2|1
TPK3313813-0000-1|2|1
TPK3385474-0000-1|2|1
TPK3416515-0000-1|2|1
TPK351585-0600-1|2|1
TPK342738-0208-1|2|1
TPK342767-0104-1|2|1
TPK342797-0121-1|2|1
TPK342841-0104-1|2|1
TPK342850-0304-1|2|1
TPK342850-0305-1|2|1
TPK342850-0306-1|2|1
TPK342850-0404-1|2|1
TPK342920-0122-1|2|1
TPK342921-0111-1|2|1
TPK342931-0121-1|2|1
TPK342933-0121-1|2|1
TPK342991-0101-1|2|1
TPK342991-0104-1|2|1
TPK342991-0107-1|2|1
TPK344206-1088-1|2|1
TPK344207-1044-1|2|1
TPK344207-1082-1|2|1
TPK344207-1094-1|2|1
TPK344207-1133-1|2|1
TPK344207-2050-1|2|1
TPK344210-0104-1|2|1
TPK344210-0324-1|2|1
TPK344210-0123-1|2|1
TPK344210-0215-1|2|1
TPK344210-0301-1|2|1
TPK344210-0304-1|2|1
TPK344210-0404-1|2|1
TPK344224-0200-1|2|1
TPK344224-0202 321308-0202-1|2|1
TPK344224-0203-1|2|1
TPK344224-0204-1|2|1
TPK344224-0205-1|2|1
TPK344224-0206-1|2|1
TPK344224-0207-1|2|1
TPK344226-0100-1|2|1
TPK344226-0101-1|2|1
TPK344226-0102-1|2|1
TPK344226-0103-1|2|1
TPK344226-0104-1|2|1
TPK90600-4477-1|2|1
TPK344227-0205-1|2|1
TPK344240-0805-1|2|1
TPK344249-0050-1|2|1
TPK344254-0150-1|2|1
TPK344256-0150-1|2|1
TPK344270-0159-1|2|1
TPK344271-0202-1|2|1
TPK344301-0148-1|2|1
TPK344301-0153-1|2|1
TPK344301-0160-1|2|1
TPK344301-0201-1|2|1
TPK344368-3040-1|2|1
TPK344373-0030-1|2|1
TPK344441-0050-1|2|1
TPK3464097-0000-1|2|1
TPK350002-0002-1|2|1
TPK350002-0006-1|2|1
TPK350002-0014-1|2|1
TPK3507468-0000-1|2|1
TPK351416-0100-1|2|1
TPK351416-0160-1|2|1
TPK3190765-0000-1|2|1
TPK351517-1017-1|2|1
TPK351517-1033-1|2|1
TPK351517-1041-1|2|1
TPK351517-1044-1|2|1
TPK351517-1047-1|2|1
TPK351517-1082-1|2|1
TPK351517-1094-1|2|1
TPK351517-1133-1|2|1
TPK351523-0103-1|2|1
TPK351523-0104  315202-0104-1|2|1
TPK351523-0110-1|2|1
TPK351523-0123-1|2|1
TPK351523-0206-1|2|1
TPK351523-0214-1|2|1
TPK351523-0222-1|2|1
TPK351523-0265-1|2|1
TPK351523-0303-1|2|1
TPK351523-0305-1|2|1
TPK351523-0324-1|2|1
TPK351523-0404-1|2|1
TPK351532-0050-1|2|1
TPK352103-0106-1|2|1
TPK352150-0140-1|2|1
TPK3529954-0101-1|2|1
TPK3593900-0101-1|2|1
TPK359705-0017-1|2|1
TPK36753-0000-1|2|1
TPK401370-0000-1|2|1
TPK401371-0000-1|2|1
TPK401372-0000-1|2|1
TPK440655-0000-1|2|1
TPK445848-0000-1|2|1
TPK456009-0000-1|2|1
TPK469463-0000-1|2|1
TPK469464-0000-1|2|1
TPK491681-0000-1|2|1
TPK499011-0000-1|2|1
TPK527912-0000-1|2|1
TPK531731-0000-1|2|1
TPK532349-0000-1|2|1
TPK6-3180196193-1|2|1
TPK536204-0000-1|2|1
TPK539212-0000-1|2|1
TPK546929-0000-1|2|1
TPK556157-0000-1|2|1
TPK559810-0101-1|2|1
TPK90600-4631-1|2|1
TPK559815-0101-1|2|1
TPK559815-0201-1|2|1
TPK565251-0000-1|2|1
TPK568583-0000-1|2|1
TPK577770-0000-1|2|1
TPK578494-0000-1|2|1
TPK578495-0000-1|2|1
TPK579318-0000-1|2|1
TPK590369-0000-1|2|1
TPK595573-0000-1|2|1
TPK595639-0000-1|2|1
TPK596678-0000-1|2|1
TPK6-1 640099 05-1|2|1
TPK6-164637101-1|2|1
TPK6-164651201-1|2|1
TPK6-164651205-1|2|1
TPK6-164817203-1|2|1
TPK6-19060600-1|2|1
TPK6-1995 1090 12-1|2|1
TPK6-2218 0323-1|2|1
TPK6-22340649-1|2|1
TPK6-3131703753-1|2|1
TPK6-3131703772-1|2|1
TPK6-3131703785-1|2|1
TPK6-3131703793-1|2|1
TPK6-3131703803-1|2|1
TPK6-3131708862-1|2|1
TPK6-3135600144-1|2|1
TPK6-3154204061-1|2|1
TPK6-3154205661-1|2|1
TPK90600-4782-1|2|1
TPK6-3188002381-1|2|1
TPK6-32330 1424 6-1|2|1
TPK67379-0101-1|2|1
TPK6-32360 0090 2-1|2|1
TPK6-32422 0262 1-1|2|1
TPK6-32422 0265 1-1|2|1
TPK6-32871 0175 6-1|2|1
TPK6-3414 4629 21-1|2|1
TPK6-364117 4003-1|2|1
TPK6-364217 4003-1|2|1
TPK6-39005 6142 7-1|2|1
TPK6-39005 6152 7-1|2|1
TPK6-4690 0260 02-1|2|1
TPK6-4722 0942 04-1|2|1
TPK6-4722 1178 19-1|2|1
TPK6-4722 1418 07-1|2|1
TPK6-4722 5642 04-1|2|1
TPK6-4722 5642 05-1|2|1
TPK6-4722 5642 06-1|2|1
TPK6-4722 6562 44-1|2|1
TPK6-4722 6800 02-1|2|1
TPK6-4722 7151 02-1|2|1
TPK6-4722 7152 02-1|2|1
TPK6-4722 8038 02-1|2|1
TPK6-4722 8753 01-1|2|1
TPK6-4722 9042 06-1|2|1
TPK6-4722 9042 08-1|2|1
TPK6-4722 9042 15-1|2|1
TPK6-4722 9042 16-1|2|1
TPK6-4722 9042 22-1|2|1
TPK6-4722 9042 34-1|2|1
TPK6-4722 9042 35-1|2|1
TPK6-4722 9042 52-1|2|1
TPK6-4722 9268 01-1|2|1
TPK6-4722 9508 01-1|2|1
TPK6-4722141803-1|2|1
TPK6-4722902609-1|2|1
TPK6-4723137016-1|2|1
TPK67379-0254-1|2|1
TPK6-9611416302-1|2|1
TPK6-9611920001-1|2|1
TPK6-9611920008-1|2|1
TPK6-9611920013-1|2|1
TPK6-9611922111-1|2|1
TPK6-9611922118-1|2|1
TPK6-9611922122-1|2|1
TPK6-9611922182-1|2|1
TPK6-9611922190-1|2|1
TPK6-9611923010-1|2|1
TPK6-9611923021-1|2|1
TPK6-9611923028-1|2|1
TPK6-9611923029-1|2|1
TPK6-9611923030-1|2|1
TPK6-9611923031-1|2|1
TPK6-9611924007-1|2|1
TPK6-9611924008-1|2|1
TPK6-9611926500-1|2|1
TPK6-9611926501-1|2|1
TPK6-9611926503-1|2|1
TPK6-9611926545-1|2|1
TPK6-9611926579-1|2|1
TPK6-9611926581-1|2|1
TPK6-9611926582-1|2|1
TPK6-9611926599-1|2|1
TPK6-9611926617-1|2|1
TPK6-9611993526-1|2|1
TPK6-9612306601-1|2|1
TPK6-9612402633-1|2|1
TPK6-9612569601-1|2|1
TPK6-9613419201-1|2|1
TPK6-9613437756-1|2|1
TPK6-9615400401-1|2|1
TPK6-99026254-1|2|1
TPK6-99031121-1|2|1
TPK90600-5006-1|2|1
TPK6-99032241-1|2|1
TPK6-99035718-1|2|1
TPK6-99035720-1|2|1
TPK6-99038253-1|2|1
TPK6-99041383-1|2|1
TPK6-99041634-1|2|1
TPK6-99041638-1|2|1
TPK6-99041639-1|2|1
TPK6-99041678-1|2|1
TPK6-99041679-1|2|1
TPK6-99041730-1|2|1
TPK6-99041858-1|2|1
TPK6-99042584-1|2|1
TPK6-99043045-1|2|1
TPK70000137419-1|2|1
TPK736514-0000-1|2|1
TPK751230-0000-1|2|1
TPK751553-0000-1|2|1
TPK752115-0000-1|2|1
TPK752156-0000-1|2|1
TPK752185-0000-1|2|1
TPK752186-0003-1|2|1
TPK752186-0005-1|2|1
TPK752186-0006-1|2|1
TPK752186-0012-1|2|1
TPK752186-0013-1|2|1
TPK752186-0016-1|2|1
TPK752288-0000-1|2|1
TPK752476-0000-1|2|1
TPK90005-0047-1|2|1
TPK90028-0020-1|2|1
TPK90028-0021-1|2|1
TPK90028-0022-1|2|1
TPK90028-0023-1|2|1
TPK90028-0024-1|2|1
TPK90028-0025-1|2|1
TPK90030-0336-1|2|1
TPK90031-0075-1|2|1
TPK90031-0301-1|2|1
TPK90036-0057-1|2|1
TPK90036-0068-1|2|1
TPK90042-0171-1|2|1
TPK90042-0248-1|2|1
TPK90042-0392-1|2|1
TPK90042-0487-1|2|1
TPK90042-0538-1|2|1
TPK90043-0082-1|2|1
TPK90043-0095-1|2|1
TPK90044-0194-1|2|1
TPK90055-0100-1|2|1
TPK90061-0027-1|2|1
TPK90070-0027-1|2|1
TPK90091-0091-1|2|1
TPK90091-0138-1|2|1
TPK90091-0169-1|2|1
TPK90091-0183-1|2|1
TPK90091-0216-1|2|1
TPK90091-0237-1|2|1
TPK90091-0238-1|2|1
TPK90091-0266-1|2|1
TPK90091-0297-1|2|1
TPK90091-0299-1|2|1
TPK90091-0302-1|2|1
TPK90091-0303-1|2|1
TPK90091-0304-1|2|1
TPK90091-0322-1|2|1
TPK90091-0324-1|2|1
TPK90091-0335-1|2|1
TPK90091-0359-1|2|1
TPK90600-5067-1|2|1
TPK90091-0366-1|2|1
TPK90091-0368-1|2|1
TPK90091-0408-1|2|1
TPK90091-0412-1|2|1
TPK90091-0428-1|2|1
TPK90091-0429-1|2|1
TPK90091-0436-1|2|1
TPK90091-0440 90609-9574-1|2|1
TPK90092-0052-1|2|1
TPK90092-0053-1|2|1
TPK90092-0054-1|2|1
TPK90113-0457-1|2|1
TPK90113-0458-1|2|1
TPK90113-0471-1|2|1
TPK90115-0028-1|2|1
TPK90115-0102-1|2|1
TPK90115-0103-1|2|1
TPK90115-0115-1|2|1
TPK90115-0116-1|2|1
TPK90115-0134-1|2|1
TPK90115-0137-1|2|1
TPK90115-0139-1|2|1
TPK90115-0163-1|2|1
TPK90115-0180-1|2|1
TPK90119-0108-1|2|1
TPK90134-0030-1|2|1
TPK90134-0039-1|2|1
TPK90134-0040-1|2|1
TPK90134-0055-1|2|1
TPK90134-0058-1|2|1
TPK90134-0063-1|2|1
TPK90141-0015-1|2|1
TPK90141-0016-1|2|1
TPK90141-0019-1|2|1
TPK90141-0020-1|2|1
TPK90141-0022-1|2|1
TPK90143-0014-1|2|1
TPK90148-0037-1|2|1
TPK90148-0038-1|2|1
TPK90152-0016-1|2|1
TPK90152-0063-1|2|1
TPK90157-0021-1|2|1
TPK90163-0007-1|2|1
TPK90163-0008-1|2|1
TPK90165-0039-1|2|1
TPK90165-0056-1|2|1
TPK90166-0056-1|2|1
TPK90166-0101-1|2|1
TPK90166-0108-1|2|1
TPK90166-0143-1|2|1
TPK90166-0202-1|2|1
TPK90187-0130-1|2|1
TPK90195-0029-1|2|1
TPK90201-0442-1|2|1
TPK90206-0037-1|2|1
TPK90206-0070-1|2|1
TPK90206-0322-1|2|1
TPK90207-0363-1|2|1
TPK90207-0365-1|2|1
TPK90207-365-1|2|1
TPK90214-0186-1|2|1
TPK90214-0219-1|2|1
TPK90214-0229-1|2|1
TPK90230-0064-1|2|1
TPK90232-0129-1|2|1
TPK90235-0756-1|2|1
TPK90235-0845-1|2|1
TPK90235-0846-1|2|1
TPK90235-0847-1|2|1
TPK90235-0848-1|2|1
TPK90237-0157-1|2|1
TPK90237-0319-1|2|1
TPK90237-0320-1|2|1
TPK90239-0487-1|2|1
TPK90239-0829-1|2|1
TPK90608-2819-1|2|1
TPK90240-0119-1|2|1
TPK90240-0172-1|2|1
TPK90240-0180-1|2|1
TPK90240-0193-1|2|1
TPK90240-0221-1|2|1
TPK90240-0222-1|2|1
TPK90240-0224-1|2|1
TPK90240-0262-1|2|1
TPK90240-0264-1|2|1
TPK90240-0315-1|2|1
TPK90240-0325-1|2|1
TPK90242-0093-1|2|1
TPK90242-0222-1|2|1
TPK90242-0224-1|2|1
TPK90242-0270-1|2|1
TPK90242-0271-1|2|1
TPK90261-0033-1|2|1
TPK90264-0032-1|2|1
TPK90266-0019-1|2|1
TPK90269-0308-1|2|1
TPK90274-0052-1|2|1
TPK90277-0035-1|2|1
TPK90277-0045-1|2|1
TPK90277-0046-1|2|1
TPK90277-0323-1|2|1
TPK90277-0324-1|2|1
TPK90277-0339-1|2|1
TPK90277-0407-1|2|1
TPK90287-0159-1|2|1
TPK90600-5069-1|2|1
TPK351657-0100-1|2|1
TPK90296-0091-1|2|1
TPK90303-0013-1|2|1
TPK90321-0102-1|2|1
TPK90321-0135-1|2|1
TPK344301-0151-1|2|1
TPK90326-0053-1|2|1
TPK90326-0054-1|2|1
TPK344301-0157-1|2|1
TPK90326-0085-1|2|1
TPK344301-0189-1|2|1
TPK90326-0090-1|2|1
TPK90326-0304-1|2|1
TPK90328-0014-1|2|1
TPK90328-0024-1|2|1
TPK90328-0025-1|2|1
TPK90328-0026-1|2|1
TPK90328-0047-1|2|1
TPK90330-0102-1|2|1
TPK90335-0031-1|2|1
TPK90335-0036-1|2|1
TPK90335-0216-1|2|1
TPK90337-0315-1|2|1
TPK90347-0007-1|2|1
TPK90347-0012-1|2|1
TPK90355-0031-1|2|1
TPK90360-0020-1|2|1
TPK90360-0309-1|2|1
TPK90360-0310-1|2|1
TPK90415-0033-1|2|1
TPK90415-0328-1|2|1
TPK90415-0330-1|2|1
TPK90415-0357-1|2|1
TPK90417-0069-1|2|1
TPK90417-0076-1|2|1
TPK90417-0148-1|2|1
TPK90417-0320-1|2|1
TPK90417-0326-1|2|1
TPK90417-0337-1|2|1
TPK90417-0417-1|2|1
TPK90424-0087-1|2|1
TPK90426-0003-1|2|1
TPK90439-0155-1|2|1
TPK90439-0212-1|2|1
TPK90439-0238-1|2|1
TPK90439-0264-1|2|1
TPK90450-0324-1|2|1
TPK90450-0398-1|2|1
TPK90450-0808-1|2|1
TPK90457-0042-1|2|1
TPK90457-0047-1|2|1
TPK90457-0866-1|2|1
TPK90458-0256-1|2|1
TPK90458-0274-1|2|1
TPK90458-0341-1|2|1
TPK90458-0506-1|2|1
TPK90458-0531-1|2|1
TPK90458-0601-1|2|1
TPK90458-0602-1|2|1
TPK90458-0639-1|2|1
TPK90458-0640-1|2|1
TPK90458-0806-1|2|1
TPK90458-0984-1|2|1
TPK90458-1092-1|2|1
TPK90458-1194-1|2|1
TPK90458-1200-1|2|1
TPK90458-1202-1|2|1
TPK90458-1203-1|2|1
TPK90458-1344-1|2|1
TPK90600-5135-1|2|1
TPK90458-1483-1|2|1
TPK90458-1517-1|2|1
TPK90458-1552-1|2|1
TPK90458-1559-1|2|1
TPK90458-1704-1|2|1
TPK90458-1745-1|2|1
TPK90458-1892-1|2|1
TPK90458-1893-1|2|1
TPK90458-1941-1|2|1
TPK90458-1943-1|2|1
TPK90458-2071-1|2|1
TPK90458-2072-1|2|1
TPK90458-2102-1|2|1
TPK90458-2301-1|2|1
TPK90458-2305-1|2|1
TPK90458-2306-1|2|1
TPK90458-2541-1|2|1
TPK90458-2549-1|2|1
TPK90458-2567-1|2|1
TPK90458-2907-1|2|1
TPK90458-2956-1|2|1
TPK90459-0173-1|2|1
TPK90459-0326-1|2|1
TPK90459-0364-1|2|1
TPK90600-0462-1|2|1
TPK90459-0380  342713-0209-1|2|1
TPK90459-0805-1|2|1
TPK90459-0881-1|2|1
TPK90459-0941-1|2|1
TPK90459-0951-1|2|1
TPK90459-0960-1|2|1
TPK90459-0982-1|2|1
TPK90459-0986-1|2|1
TPK90459-1001-1|2|1
TPK90459-1018-1|2|1
TPK90459-1038-1|2|1
TPK90459-1058-1|2|1
TPK90459-1130-1|2|1
TPK90459-1131-1|2|1
TPK90459-1325-1|2|1
TPK90607-5214-1|2|1
TPK90459-1402-1|2|1
TPK90459-1420-1|2|1
TPK90459-1536-1|2|1
TPK90459-1627-1|2|1
TPK90459-1697-1|2|1
TPK90459-1733-1|2|1
TPK90459-1854-1|2|1
TPK90459-1861-1|2|1
TPK90459-1974-1|2|1
ME4200001-1|2|1
TPK90600-1299-1|2|1
TPK90459-1978-1|2|1
TPK90459-1985-1|2|1
TPK90459-1986-1|2|1
TPK90459-2363-1|2|1
TPK90459-2473-1|2|1
TPK90459-2474-1|2|1
TPK90459-2476-1|2|1
TPK90459-2481-1|2|1
TPK90459-2491-1|2|1
TPK90459-2494-1|2|1
TPK90459-2500-1|2|1
TPK90459-2501-1|2|1
TPK90459-2503-1|2|1
TPK90459-2505-1|2|1
TPK90459-2509-1|2|1
TPK90459-2510-1|2|1
TPK90459-2511-1|2|1
TPK90459-2512-1|2|1
TPK90459-2526-1|2|1
TPK90459-2528-1|2|1
TPK90459-2726-1|2|1
TPK90459-2739-1|2|1
TPK3432723-0101-1|2|1
TPK90459-2777-1|2|1
TPK90459-2805-1|2|1
TPK90459-2939-1|2|1
TPK90459-2986-1|2|1
TPK90459-3197-1|2|1
TPK90459-3450-1|2|1
TPK90459-3682-1|2|1
TPK90459-3759-1|2|1
TPK90459-3809-1|2|1
TPK90459-3813-1|2|1
TPK90459-3814-1|2|1
TPK90459-3818-1|2|1
TPK90459-3828-1|2|1
TPK90459-4032-1|2|1
TPK90459-4055-1|2|1
TPK90459-4056-1|2|1
TPK90459-4133-1|2|1
TPK90459-4142-1|2|1
TPK90459-4179-1|2|1
TPK90459-4588-1|2|1
TPK90459-4705-1|2|1
TPK90459-4707-1|2|1
TPK90459-4810-1|2|1
TPK90459-5187-1|2|1
TPK90459-5195-1|2|1
TPK90459-5261-1|2|1
TPK90459-5308-1|2|1
TPK90459-5323-1|2|1
TPK90459-5410-1|2|1
TPK90602-4793-1|2|1
TPK90459-5440-1|2|1
TPK90459-5441-1|2|1
TPK90600-5212-1|2|1
TPK90459-5531-1|2|1
TPK90459-5574-1|2|1
TPK90459-5627-1|2|1
TPK90459-5813-1|2|1
TPK90459-5828-1|2|1
TPK90459-5835-1|2|1
TPK90459-5936-1|2|1
TPK90459-6019-1|2|1
TPK90459-6023-1|2|1
TPK90459-6026-1|2|1
TPK90459-6062-1|2|1
TPK90459-6215-1|2|1
TPK90459-6327-1|2|1
TPK90459-6328-1|2|1
TPK90459-6329-1|2|1
TPK90459-6331-1|2|1
TPK90459-6332-1|2|1
TPK90459-6337-1|2|1
TPK90459-6350-1|2|1
TPK90459-6351-1|2|1
TPK90459-6405-1|2|1
TPK90459-6560-1|2|1
ME4200002-1|2|1
TPK90605-0585-1|2|1
TPK90459-6731-1|2|1
TPK90459-6761-1|2|1
TPK90459-6961-1|2|1
TPK90459-7084-1|2|1
TPK90459-7267-1|2|1
TPK90459-7273-1|2|1
TPK90459-7366-1|2|1
TPK90459-7421-1|2|1
TPK90459-7583-1|2|1
TPK90503-1111-1|2|1
TPK90503-2766-1|2|1
TPK90503-2919-1|2|1
TPK90503-3190-1|2|1
TPK90503-4833-1|2|1
TPK90503-5543-1|2|1
TPK90503-5761-1|2|1
TPK90503-5762-1|2|1
TPK90503-5837-1|2|1
TPK90503-6556-1|2|1
TPK90503-6588-1|2|1
TPK90503-6934-1|2|1
TPK90503-8930-1|2|1
TPK90510-2299-1|2|1
TPK90510-2300-1|2|1
TPK90510-2385-1|2|1
TPK90510-5633-1|2|1
TPK90511-1072-1|2|1
TPK90511-4904-1|2|1
TPK90511-6117-1|2|1
TPK90512-3845-1|2|1
TPK90512-7927-1|2|1
TPK90512-8457-1|2|1
TPK90515-8457-1|2|1
TPK90519-0408-1|2|1
TPK90519-0409-1|2|1
TPK90520-4172-1|2|1
TPK90503-5044-1|2|1
TPK90522-0194-1|2|1
TPK90522-2085-1|2|1
TPK90523-7216-1|2|1
TPK90530-1508-1|2|1
SERG-029-1|2|1
TPK90600-0344-1|2|1
TPK90600-0349-1|2|1
TPK90600-0351-1|2|1
TPK90600-0362-1|2|1
TPK90600-0373-1|2|1
TPK90600-0375-1|2|1
TPK90600-0387-1|2|1
TPK90600-1301-1|2|1
TPK90600-0459-1|2|1
TPK90606-3683-1|2|1
TPK90600-0463-1|2|1
TPK90603-2938-1|2|1
TPK90600-0473-1|2|1
TPK90600-0486-1|2|1
TPK90600-0487-1|2|1
TPK90600-0493-1|2|1
TPK90600-0500-1|2|1
TPK90602-2050-1|2|1
TPK90600-0528-1|2|1
TPK90600-0550-1|2|1
TPK90600-0614-1|2|1
TPK90600-0683-1|2|1
TPK90600-0814-1|2|1
TPK90600-0815-1|2|1
TPK90600-0828-1|2|1
TPK90600-0830-1|2|1
TPK90600-0967-1|2|1
TPK90600-1154-1|2|1
TPK90600-1214-1|2|1
TPK90600-1280-1|2|1
TPK90600-1282-1|2|1
TPK90600-1283-1|2|1
TPK90600-1286-1|2|1
TPK90600-1288-1|2|1
TPK90600-1292-1|2|1
TPK90600-1308-1|2|1
TPK90600-1337-1|2|1
TPK90600-1347-1|2|1
TPK90600-1890-1|2|1
TPK927422-0007-1|2|1
TPK90600-1894-1|2|1
TPK90600-1954-1|2|1
TPK90600-2004-1|2|1
TPK90600-2005-1|2|1
TPK90600-2007-1|2|1
TPK90600-2011-1|2|1
TPK90600-2013-1|2|1
TPK90600-2014-1|2|1
TPK90600-2015-1|2|1
TPK90600-2016-1|2|1
TPK90600-2018-1|2|1
TPK90600-5214-1|2|1
TPK90600-5274-1|2|1
TPK90600-5307-1|2|1
TPK90600-5539-1|2|1
TPK90600-5611-1|2|1
TPK90600-5852-1|2|1
TPK90600-5886-1|2|1
TPK90600-6017-1|2|1
TPK90600-6021-1|2|1
TPK90600-6048-1|2|1
TPK90600-7806-1|2|1
TPK90600-7890-1|2|1
TPK90600-8806-1|2|1
TPK90600-8826-1|2|1
ME6400001-1|2|1
ME7200004-1|2|1
ME9200010-1|2|1
TPK90609-9035-1|2|1
TPK90609-9036-1|2|1
TPK90601-0406-1|2|1
TPK90601-0646-1|2|1
TPK90601-0668-1|2|1
TPK90601-0786-1|2|1
TPK90601-1027-1|2|1
TPK90601-1126-1|2|1
TPK90601-1926-1|2|1
TPK90601-1989-1|2|1
TPK90601-3688-1|2|1
TPK90601-3689-1|2|1
TPK90601-4430-1|2|1
TPK90601-4870-1|2|1
TPK90601-5151-1|2|1
TPK90601-5850-1|2|1
TPK90601-6650-1|2|1
TPK90601-7090-1|2|1
TPK90602-2813-1|2|1
TPK90602-3330-1|2|1
TPK90602-4674-1|2|1
ME8400002-1|2|1
MP1500002-1|2|1
PT1200006-1|2|1
TPK90602-4689-1|2|1
TPK90602-4794-1|2|1
TPK90602-4796-1|2|1
TPK90602-6187-1|2|1
TPK90602-6207-1|2|1
TPK90602-8807-1|2|1
TPK90602-9909-1|2|1
TPK90602-9913-1|2|1
TPK90603-0068-1|2|1
TPK90603-0069-1|2|1
TPK90603-0188-1|2|1
TPK90603-0408-1|2|1
TPK351523-0219-1|2|1
TPK90603-1575-1|2|1
TPK90603-1620-1|2|1
SERG-030-1|2|1
TPK90603-1876-1|2|1
TPK90603-2322-1|2|1
TPK90608-7194-1|2|1
ME7700004-1|2|1
ME8400003-1|2|1
ME8800006-1|2|1
ME9100011-1|2|1
ME9200003-1|2|1
PT4500002-1|2|1
PT4300002-1|2|1
PT4300005-1|2|1
ME8900001-1|2|1
ME4400003-1|2|1
MP1000001-1|2|1
TPK90603-2358-1|2|1
TPK90603-2359-1|2|1
TPK90603-2378-1|2|1
TPK90603-2398-1|2|1
TPK90603-2399-1|2|1
TPK90603-2403-1|2|1
TPK90603-2407-1|2|1
TPK90603-2408-1|2|1
TPK90603-2538-1|2|1
TPK90603-2557-1|2|1
TPK90603-2686-1|2|1
TPK90603-3538-1|2|1
SERG-031-1|2|1
TPK90603-3539-1|2|1
ME4200005-1|2|1
ME4400001-1|2|1
PT1900003-1|2|1
ME8700001-1|2|1
TPK90603-3565-1|2|1
ME4300002-1|2|1
TPK90603-4470-1|2|1
TPK90603-4474-1|2|1
TPK90603-4573-1|2|1
TPK90603-4872-1|2|1
TPK90603-5110-1|2|1
TPK90603-5132-1|2|1
TPK90603-5311-1|2|1
TPK90603-5373-1|2|1
TPK90603-5545-1|2|1
TPK90603-5549-1|2|1
TPK90603-5550-1|2|1
TPK90603-5804-1|2|1
TPK90603-5806-1|2|1
TPK90603-5843-1|2|1
TPK90603-6493-1|2|1
TPK90603-7454-1|2|1
TPK90603-8773-1|2|1
PT1300010-1|2|1
PT1500002-1|2|1
OLBBD0001-1|2|1
OLBBD0002-1|2|1
OLBBD0003-1|2|1
PQ2400001-1|2|1
TPK90603-9154-1|2|1
TPK90603-9835-1|2|1
TPK90604-0093-1|2|1
TPK90604-0094-1|2|1
TPK90604-0595-1|2|1
TPK90604-0668-1|2|1
TPK90604-1654-1|2|1
TPK90604-3128-1|2|1
TPK90604-3317-1|2|1
TPK90604-3404-1|2|1
TPK90604-3724-1|2|1
TPK90604-4490-1|2|1
TPK90604-4604-1|2|1
TPK90604-4765-1|2|1
TPK90604-4766-1|2|1
TPK90604-5165-1|2|1
TPK90604-8447-1|2|1
TPK90605-0584-1|2|1
LIM00001-1|2|1
LIM00002-1|2|1
LIM00003-1|2|1
NEU00011-1|2|1
NEU00012-1|2|1
TPK1035362-0101-1|2|1
TPK1040853-0000-1|2|1
TPK90605-2064-1|2|1
TPK90605-2105-1|2|1
TPK90605-4064-1|2|1
TPK90605-4082-1|2|1
TPK90605-6695-1|2|1
TPK90605-6942-1|2|1
TPK90606-0480-1|2|1
TPK90606-1836-1|2|1
TPK90606-2001-1|2|1
TPK90606-2002-1|2|1
TPK90606-2004-1|2|1
TPK90606-2005-1|2|1
TPK90606-2006-1|2|1
TPK90606-4205-1|2|1
TPK90458-2794-1|2|1
TPK90606-8833-1|2|1
TPK90606-9230-1|2|1
TPK90606-9230 - 90459-4089-1|2|1
TPK90606-9231-1|2|1
TPK90606-9756-1|2|1
TPK90607-5194-1|2|1
TPK90608-3876-1|2|1
ME1300002-1|2|1
ME9000003-1|2|1
TPK90608-7294-1|2|1
ME1400001-1|2|1
TPK90608-9474-1|2|1
TPK90609-7425-1|2|1
TPK90609-8505-1|2|1
TPK90609-9034-1|2|1
TPK90610-3819-1|2|1
TPK90610-5703-1|2|1
TPK925998-0000-1|2|1
TPK927420-0001-1|2|1
TPK927421-0002-1|2|1
TPK927421-0003-1|2|1
TPK927421-0004-1|2|1
TPK927422-0001-1|2|1
TPK927422-0003-1|2|1
TPK927422-0004-1|2|1
TPK927422-0005-1|2|1
TPK927422-0006-1|2|1
TPK927422-0012-1|2|1
TPK927422-0016-1|2|1
TPK929371-0000-1|2|1
TPK929380-0000-1|2|1
TPK929391-0000-1|2|1
TPK950351-0000-1|2|1
TPK9612362201-1|2|1
TPK1144486-0000-1|2|1
VAR00017-1|2|1
VAR00018-1|2|1
VAR00019-1|2|1
OLABD0003-1|2|1
PQ1100001-1|2|1
OLABD0001-1|2|1
SM1200003-1|2|1
SM1200004-1|2|1
SM1200005-1|2|1
SM1200006-1|2|1
SM1200007-1|2|1
SM1200008-1|2|1
VAR00020-1|2|1
VAR00021-1|2|1
PT4300006-1|2|1
SM1600001-1|2|1
MP1000004-1|2|1
MP1400007-1|2|1
SM1300003-1|2|1
SM1200002-1|2|1
SM1500002-1|2|1
SM1202003-1|2|1
PT4000005-1|2|1
PT4000006-1|2|1
MP1400010-1|2|1
SM1202001-1|2|1
SM1203001-1|2|1
SM1201002-1|2|1
SM1201007-1|2|1
SM1202002-1|2|1
MP1500004-1|2|1
SM1300001-1|2|1
PT1400001-1|2|1
PT1100005-1|2|1
PT1102001-1|2|1
PT1103001-1|2|1
PT1200002-1|2|1
SM1300002-1|2|1
SM1301001-1|2|1
SM1301002-1|2|1
SM1301003-1|2|1
SM1204001-1|2|1
SM1204002-1|2|1
SM1204003-1|2|1
PT3001001-1|2|1
SERG-079-1|2|1
SERG-032-1|2|1
SERG-040-1|2|1
SERG-033-1|2|1
SERG-041-1|2|1
SERG-042-1|2|1
SERG-048-1|2|1
SERG-043-1|2|1
SERG-023-1|2|1
SERG-044-1|2|1
SERG-099-1|2|1
SERG-034-1|2|1
SERG-045-1|2|1
SERG-071-1|2|1
TPK1282848-0000-1|2|1
SERG-066-1|2|1
SERG-187-1|2|1
SERG-067-1|2|1
SERG-072-1|2|1
SERG-075-1|2|1
SERG-143-1|2|1
SERG-176-1|2|1
SERG-177-1|2|1
TPK491929-0000-1|2|1
SERG-076-1|2|1
SERG-178-1|2|1
SERG-077-1|2|1
SERG-214-1|2|1
SERG-216-1|2|1
SERG-058-1|2|1
SERG-217-1|2|1
SERG-104-1|2|1
SERG-218-1|2|1
SERG-220-1|2|1
SERG-170-1|2|1
SERG-221-1|2|1
SERG-171-1|2|1
SERG-222-1|2|1
SERG-172-1|2|1
COR00001-1|2|1
SERG-205-1|2|1
SERG-206-1|2|1
SERG-018-1|2|1
SERG-069-1|2|1
SERG-223-1|2|1
COR00003-1|2|1
ME1600003-1|2|1
ME1600001-1|2|1
COR00002-1|2|1
FIL00001-1|2|1
FIL00002-1|2|1
ME8800005-1|2|1
ME4000001-1|2|1
ME4100001-1|2|1
ME6900003-1|2|1
ME4200003-1|2|1
ME4500001-1|2|1
ME7500001-1|2|1
ME7500002-1|2|1
ME9200001-1|2|1
SM1800001-1|2|1
ME1600002-1|2|1
SM3000003-1|2|1
SM3000001-1|2|1
ME3000002-1|2|1
ME4000003-1|2|1
PT4400003-1|2|1
SM1900001-1|2|1
SERG-224-1|2|1
SERG-188-1|2|1
DOM003-1|2|1
PLO00035-1|2|1
SERG-189-1|2|1
UNI00010-1|2|1
PLO00038-1|2|1
TPK1021095-0001-1|2|1
TPK315751-0124-1|2|1
DOM0001-1|2|1
UNI00054-1|2|1
ANG00002-1|2|1
TPK927244-0101-1|2|1
PQ1000001-1|2|1
PQ1000002-1|2|1
UNI0000-1|2|1
MP1400001-1|2|1
ME1400010-1|2|1
PAP00010-1|2|1
PAP00011-1|2|1
TPK315204-0317-1|2|1
TPK315204-0318-1|2|1
UNI00139-1|2|1
UNI00140-1|2|1
FER00012-1|2|1
UNI00011-1|2|1
PAP00019-1|2|1
PAP00031-1|2|1
UNI00024-1|2|1
UNI00043-1|2|1
UNI00044-1|2|1
UNI00055-1|2|1
UNI00063-1|2|1
UNI00064-1|2|1
UNI00065-1|2|1
UNI00070-1|2|1
UNI00073-1|2|1
UNI00074-1|2|1
UNI00116-1|2|1
UNI00118-1|2|1
UNI00134-1|2|1
UNI00142-1|2|1
TPK1021086-0000-1|2|1
TPK1021090-0000-1|2|1
LIM00029-1|2|1
NEU00005-1|2|1
NEU00006-1|2|1
MP1700001-1|2|1
FER00008-1|2|1
TPK1021106-0000-1|2|1
TPK344367-3080-1|2|1
TPK1030096-0301-1|2|1
LIM00024-1|2|1
LIM00027-1|2|1
TOR00038-1|2|1
TPK1260328-0000-1|2|1
SM1200001-1|2|1
MP2500002-1|2|1
UNI00121-1|2|1
PT3200003-1|2|1
PT3400003-1|2|1
FER00107-1|2|1
PT4000002-1|2|1
TOR00044-1|2|1
TOR00045-1|2|1
TPK978760-0000-1|2|1
VAR00009-1|2|1
VAR00010-1|2|1
ELC00004-1|2|1
ELC00005-1|2|1
EMP00001-1|2|1
EMP00002-1|2|1
FIL00003-1|2|1
FIL00004-1|2|1
PVC00039-1|2|1
ROD00001-1|2|1
MP3400002-1|2|1
TPK 2589917-0000-1|2|1
ALM00002-1|2|1
ANG00001-1|2|1
CAD00025-1|2|1
CON00001-1|2|1
COR00030-1|2|1
ELC00006-1|2|1
UNI00047-1|2|1
UNI00048-1|2|1
VAR00008-1|2|1
PAP00047-1|2|1
PAP00048-1|2|1
FER00109-1|2|1
SERG-002-1|2|1
SERG-003-1|2|1
SERG-004-1|2|1
SERG-005-1|2|1
SERG-007-1|2|1
SERG-008-1|2|1
SERG-009-1|2|1
SERG-011-1|2|1
SERG-012-1|2|1
SERG-013-1|2|1
SERG-014-1|2|1
SERG-015-1|2|1
SERG-016-1|2|1
SERG-017-1|2|1
SERG-157-1|2|1
SERG-109-1|2|1
SERG-094-1|2|1
SERG-105-1|2|1
SERG-010-1|2|1
SERG-046-1|2|1
SERG-070-1|2|1
SERG-074-1|2|1
SERG-080-1|2|1
SERG-006-1|2|1
SERG-025-1|2|1
SERG-036-1|2|1
SERG-038-1|2|1
SERG-039-1|2|1
SERG-050-1|2|1
SERG-051-1|2|1
SERG-052-1|2|1
SERG-053-1|2|1
SERG-054-1|2|1
SERG-055-1|2|1
SERG-037-1|2|1
SERG-047-1|2|1
ZE0000001-1|2|1
ZE0000002-1|2|1
OLAVN0001-1|2|1
OLAVC0001-1|2|1
OLAAN0001-1|2|1
OLBVN0001-1|2|1
OLBVC0001-1|2|1
OLBAN0001-1|2|1
PQ1900003-1|2|1
SERG-056-1|2|1
SERG-057-1|2|1
SERG-059-1|2|1
SERG-060-1|2|1
SERG-061-1|2|1
SERG-062-1|2|1
SERG-063-1|2|1
SERG-065-1|2|1
SERG-073-1|2|1
PT6100001-1|2|1
PT6000003-1|2|1
PT4100001-1|2|1
PQ1100002-1|2|1
PQ2100001-1|2|1
PQ1100003-1|2|1
SERG-081-1|2|1
SERG-082-1|2|1
SERG-083-1|2|1
SERG-084-1|2|1
SERG-085-1|2|1
SERG-086-1|2|1
SERG-087-1|2|1
SERG-088-1|2|1
SERG-089-1|2|1
SERG-091-1|2|1
SERG-092-1|2|1
SERG-093-1|2|1
SERG-095-1|2|1
SERG-097-1|2|1
SERG-098-1|2|1
SERG-102-1|2|1
SERG-096-1|2|1
SERG-100-1|2|1
SERG-101-1|2|1
SERG-106-1|2|1
SERG-108-1|2|1
SERG-110-1|2|1
SERG-111-1|2|1
SERG-112-1|2|1
SERG-115-1|2|1
SERG-117-1|2|1
SERG-118-1|2|1
SERG-119-1|2|1
SERG-120-1|2|1
SERG-121-1|2|1
SERG-122-1|2|1
SERG-123-1|2|1
SERG-124-1|2|1
SERG-125-1|2|1
SERG-126-1|2|1
SERG-127-1|2|1
SERG-128-1|2|1
SERG-129-1|2|1
SERG-130-1|2|1
SERG-131-1|2|1
SERG-132-1|2|1
SERG-133-1|2|1
SERG-134-1|2|1
SERG-116-1|2|1
SERG-146-1|2|1
SERG-136-1|2|1
SERG-219-1|2|1
SERG-137-1|2|1
SERG-138-1|2|1
SERG-139-1|2|1
SERG-140-1|2|1
SERG-141-1|2|1
SERG-144-1|2|1
SERG-148-1|2|1
SERG-149-1|2|1
SERG-150-1|2|1
SERG-151-1|2|1
SERG-152-1|2|1
SERG-155-1|2|1
SERG-158-1|2|1
SERG-159-1|2|1
SERG-160-1|2|1
SERG-161-1|2|1
SERG-162-1|2|1
SERG-163-1|2|1
SERG-164-1|2|1
SERG-165-1|2|1
SERG-135-1|2|1
SERG-145-1|2|1
SERG-153-1|2|1
SERG-147-1|2|1
SERG-156-1|2|1
SERG-166-1|2|1
SERG-168-1|2|1
SERG-169-1|2|1
SERG-174-1|2|1
SERG-175-1|2|1
SERG-179-1|2|1
SERG-181-1|2|1
SERG-182-1|2|1
SERG-183-1|2|1
SERG-184-1|2|1
SERG-185-1|2|1
SERG-190-1|2|1
SERG-196-1|2|1
SERG-173-1|2|1
SERG-192-1|2|1
SERG-195-1|2|1
SERG-193-1|2|1
SERG-198-1|2|1
SERG-197-1|2|1
SERG-199-1|2|1
SERG-200-1|2|1
SERG-201-1|2|1
SERG-202-1|2|1
SERG-203-1|2|1
SERG-204-1|2|1
SERG-207-1|2|1
SERG-209-1|2|1
SERG-210-1|2|1
SERG-211-1|2|1
SERG-212-1|2|1
SERG-225-1|2|1
SERG-226-1|2|1
SERG-227-1|2|1
SERG-228-1|2|1
SERG-215-1|2|1
SERG-229-1|2|1
SERG-230-1|2|1
SERG-231-1|2|1
SERG-232-1|2|1
SERG-233-1|2|1
SERG-234-1|2|1
SERG-235-1|2|1
SERG-236-1|2|1
SERG-237-1|2|1
SERG-238-1|2|1
SERG-239-1|2|1
SERG-240-1|2|1
SERG-208-1|2|1
SERG-024-1|2|1
SERG-049-1|2|1
SERG-103-1|2|1
SERG-107-1|2|1
SERG-180-1|2|1
PT1000007-1|2|1
PT1100006-1|2|1
PT1600002-1|2|1
PT1700002-1|2|1
MP1400006-1|2|1
PT3000002-1|2|1
PT4300001-1|2|1
PT6000002-1|2|1
PT2000004-1|2|1
PAP00033-1|2|1
PVC00036-1|2|1
TPK6161-0000-1|2|1
VAR00022-1|2|1
PT1200007-1|2|1
VAR00023-1|2|1
OLABD0002-1|2|1
MP1700007-1|2|1
ME9200002-1|2|1
ME1000003-1|2|1
ME9000002-1|2|1
PT1200005-1|2|1
ME8100003-1|2|1
ME4300001-1|2|1
SM2000004-1|2|1
SM1600002-1|2|1
ME8100002-1|2|1
PT1100008-1|2|1
MP1700006-1|2|1
PT1200003-1|2|1
PT1200004-1|2|1
SM1201001-1|2|1
ME1300001-1|2|1
ME1300005-1|2|1
ME1300010-1|2|1
ME1301001-1|2|1
ME6200004-1|2|1
ME1200002-1|2|1
ME1300004-1|2|1
SM1200009-1|2|1
SM1200010-1|2|1
ME1301006-1|2|1
ME1400003-1|2|1
ME1500002-1|2|1
ME1501001-1|2|1
ME1501002-1|2|1
ME6700004-1|2|1
ME1500003-1|2|1
PT1400010-1|2|1
SM1201003-1|2|1
SM1201006-1|2|1
MP1400005-1|2|1
MP1400011-1|2|1
ME3000001-1|2|1
SM3100002-1|2|1
UNI00120-1|2|1
MP1400002-1|2|1
ME6100001-1|2|1
PT1000008-1|2|1
PT1200001-1|2|1
PT1300009-1|2|1
PT1400003-1|2|1
TPK90600-1284-1|2|1
SM3000002-1|2|1
MP1000003-1|2|1
PAP00020-1|2|1
TPK315755-0106-1|2|1
TPK90600-5589-1|2|1
TPK90602-9356-1|2|1
ME6900001-1|2|1
PT1300004-1|2|1
UNI00177-1|2|1
UNI00119-1|2|1
EPP00028-1|2|1
EPP00029-1|2|1
EPP00049-1|2|1
PT1301003-1|2|1
PT1300002-1|2|1
PT1300003-1|2|1
MP1400003-1|2|1
PT1300006-1|2|1
PT1301001-1|2|1
PT1300005-1|2|1
PT1301002-1|2|1
PT1302002-1|2|1
PT1500001-1|2|1
PT1500003-1|2|1
PT4000003-1|2|1
PT6100002-1|2|1
PT6100003-1|2|1
MP2000001-1|2|1
ACP00001-1|2|1
PT1400009-1|2|1
PT1000001-1|2|1
ME6600001-1|2|1
PT4400001-1|2|1
ME8700004-1|2|1
PT1100002-1|2|1
PT1302003-1|2|1
ME8700002-1|2|1
ME4000002-1|2|1
ME7500003-1|2|1
ME6700007-1|2|1
ME7300003-1|2|1
ME8600001-1|2|1
ME7300004-1|2|1
ME7300002-1|2|1
SM1400002-1|2|1
SM1400003-1|2|1
ME3000003-1|2|1
PT3200001-1|2|1
SM1400001-1|2|1
ME7400001-1|2|1
ME6800001-1|2|1
ME7400002-1|2|1
ME8800003-1|2|1
PT3400001-1|2|1
ME7400003-1|2|1
ME4200004-1|2|1
MP1200001-1|2|1
SM1500001-1|2|1
PT4000001-1|2|1
PT4500001-1|2|1
FER00098-1|2|1
ME6900004-1|2|1
ME8400001-1|2|1
ME8100007-1|2|1
ME8800001-1|2|1
ME7702001-1|2|1
ME7803001-1|2|1
ME8100004-1|2|1
ME8100005-1|2|1
ME8100006-1|2|1
ME1500004-1|2|1
ME1501003-1|2|1
ME1502003-1|2|1
ME8200001-1|2|1
ME8800002-1|2|1
ME8200002-1|2|1
ME8201001-1|2|1
ME8201003-1|2|1
ME8300001-1|2|1
ME8300003-1|2|1
MP2300004-1|2|1
MP1700009-1|2|1
MP1700008-1|2|1
MP2300001-1|2|1
MP1100001-1|2|1
SM2100001-1|2|1
ME1300006-1|2|1
MP1300002-1|2|1
MP1900001-1|2|1
MP2300002-1|2|1
MP2100001-1|2|1
MP2100002-1|2|1
MP1600001-1|2|1
MP1600002-1|2|1
MP2100003-1|2|1
SM2000003-1|2|1
PT4200002-1|2|1
TPK1021038-0000-1|2|1
PT2000002-1|2|1
TPK1021085-0000-1|2|1
100-1|2|1
SER00001-1|2|1
101-1|2|1
SERG-001-1|2|1
SERG-068-1|2|1
1-1|2|1
PT4400002-1|2|1
PT1100003-1|2|1
PT4000004-1|2|1
PT1400002-1|2|1
PT1800001-1|2|1
MP1400004-1|2|1
PT1300001-1|2|1
SERG-064-1|2|1
PT3100001-1|2|1
PT3100002-1|2|1
PT3100003-1|2|1
PT4200001-1|2|1
