1000006|1025177-1|2024-05-13|641.33|0.00|641.33|FACT|wRivas|1000000|USD|1|2024-05-13|641.3327|39.22
1007373|1025260-1|2024-05-13|8.61|0.00|8.61|FACT|wRivas|1000000|USD|1|2024-05-13|8.6130|39.22
1000006|1025178-1|2024-05-13|855.37|0.00|855.37|FACT|wRivas|1000000|USD|1|2024-05-13|855.3723|39.22
1007373|1025261-1|2024-05-13|25.34|0.00|25.34|FACT|wRivas|1000000|USD|1|2024-05-13|25.3378|39.22
1006571|1025179-1|2024-05-13|139.21|0.00|139.21|FACT|wRivas|1000000|USD|1|2024-05-13|139.2144|39.22
1007379|1025262-1|2024-05-13|11.49|0.00|11.49|FACT|wRivas|1000000|USD|1|2024-05-13|11.4900|39.22
1006571|1025180-1|2024-05-13|0.62|0.00|0.62|FACT|wRivas|1000000|USD|1|2024-05-13|0.6211|39.22
1007379|1025263-1|2024-05-13|9.81|0.00|9.81|FACT|wRivas|1000000|USD|1|2024-05-13|9.8100|39.22
1006571|1025181-1|2024-05-13|0.31|0.00|0.31|FACT|wRivas|1000000|USD|1|2024-05-13|0.3106|39.22
1006571|1025182-1|2024-05-13|62.32|0.00|62.32|FACT|wRivas|1000000|USD|1|2024-05-13|62.3151|39.22
1007379|1025264-1|2024-05-13|15.68|0.00|15.68|FACT|wRivas|1000000|USD|1|2024-05-13|15.6800|39.22
1006571|1025183-1|2024-05-13|83.89|0.00|83.89|FACT|wRivas|1000000|USD|1|2024-05-13|83.8858|39.22
1007379|1025265-1|2024-05-13|1.42|0.00|1.42|FACT|wRivas|1000000|USD|1|2024-05-13|1.4200|39.22
1007415|1025291-1|2024-05-13|2.89|0.00|2.89|FACT|wRivas|1000000|USD|1|2024-05-13|2.8944|39.22
1007342|1025184-1|2024-05-13|3.43|0.00|3.43|FACT|wRivas|1000000|USD|1|2024-05-13|3.4289|39.22
1007379|1025266-1|2024-05-13|1.67|0.00|1.67|FACT|wRivas|1000000|USD|1|2024-05-13|1.6700|39.22
1007342|1025185-1|2024-05-13|23.00|0.00|23.00|FACT|wRivas|1000000|USD|1|2024-05-13|22.9992|39.22
1007379|1025267-1|2024-05-13|2.40|0.00|2.40|FACT|wRivas|1000000|USD|1|2024-05-13|2.4000|39.22
1007342|1025186-1|2024-05-13|86.10|0.00|86.10|FACT|wRivas|1000000|USD|1|2024-05-13|86.0982|39.22
1007379|1025268-1|2024-05-13|0.68|0.00|0.68|FACT|wRivas|1000000|USD|1|2024-05-13|0.6800|39.22
1007342|1025187-1|2024-05-13|26.90|0.00|26.90|FACT|wRivas|1000000|USD|1|2024-05-13|26.8998|39.22
1007342|1025188-1|2024-05-13|2.40|0.00|2.40|FACT|wRivas|1000000|USD|1|2024-05-13|2.4003|39.22
1007379|1025269-1|2024-05-13|2.14|0.00|2.14|FACT|wRivas|1000000|USD|1|2024-05-13|2.1400|39.22
1007342|1025189-1|2024-05-13|34.42|0.00|34.42|FACT|wRivas|1000000|USD|1|2024-05-13|34.4176|39.22
1007379|1025270-1|2024-05-13|8.72|0.00|8.72|FACT|wRivas|1000000|USD|1|2024-05-13|8.7200|39.22
1007342|1025190-1|2024-05-13|4.73|0.00|4.73|FACT|wRivas|1000000|USD|1|2024-05-13|4.7307|39.22
1007379|1025271-1|2024-05-13|15.68|0.00|15.68|FACT|wRivas|1000000|USD|1|2024-05-13|15.6800|39.22
1007342|1025191-1|2024-05-13|9.43|0.00|9.43|FACT|wRivas|1000000|USD|1|2024-05-13|9.4312|39.22
1007379|1025272-1|2024-05-13|1.56|0.00|1.56|FACT|wRivas|1000000|USD|1|2024-05-13|1.5600|39.22
1007342|1025192-1|2024-05-13|67.99|0.00|67.99|FACT|wRivas|1000000|USD|1|2024-05-13|67.9878|39.22
1007342|1025193-1|2024-05-13|389.83|0.00|389.83|FACT|wRivas|1000000|USD|1|2024-05-13|389.8348|39.22
1007347|1025196-1|2024-05-13|21.90|0.00|21.90|FACT|wRivas|1000000|USD|1|2024-05-13|21.9000|39.22
1007347|1025197-1|2024-05-13|323.04|0.00|323.04|FACT|wRivas|1000000|USD|1|2024-05-13|323.0400|39.22
1007351|1025199-1|2024-05-13|16.99|0.00|16.99|FACT|wRivas|1000000|USD|1|2024-05-13|16.9931|39.22
1007352|1025200-1|2024-05-13|0.45|0.00|0.45|FACT|wRivas|1000000|USD|1|2024-05-13|0.4457|39.22
1007381|1025279-1|2024-05-13|2.56|0.00|2.56|FACT|wRivas|1000000|USD|1|2024-05-13|2.5563|39.22
1007352|1025201-1|2024-05-13|0.26|0.00|0.26|FACT|wRivas|1000000|USD|1|2024-05-13|0.2570|39.22
1007389|1025281-1|2024-05-13|2.10|0.00|2.10|FACT|wRivas|1000000|USD|1|2024-05-13|2.1035|39.22
1007355|1025203-1|2024-05-13|5.54|0.00|5.54|FACT|wRivas|1000000|USD|1|2024-05-13|5.5421|39.22
1007389|1025282-1|2024-05-13|3.31|0.00|3.31|FACT|wRivas|1000000|USD|1|2024-05-13|3.3103|39.22
1007397|1025283-1|2024-05-13|2.91|0.00|2.91|FACT|wRivas|1000000|USD|1|2024-05-13|2.9085|39.22
1007397|1025284-1|2024-05-13|4.65|0.00|4.65|FACT|wRivas|1000000|USD|1|2024-05-13|4.6543|39.22
1007397|1025285-1|2024-05-13|0.39|0.00|0.39|FACT|wRivas|1000000|USD|1|2024-05-13|0.3924|39.22
1007358|1025207-1|2024-05-13|0.47|0.00|0.47|FACT|wRivas|1000000|USD|1|2024-05-13|0.4669|39.22
1007399|1025286-1|2024-05-13|7.53|0.00|7.53|FACT|wRivas|1000000|USD|1|2024-05-13|7.5286|39.22
1007358|1025208-1|2024-05-13|0.24|0.00|0.24|FACT|wRivas|1000000|USD|1|2024-05-13|0.2381|39.22
1007359|1025209-1|2024-05-13|1.80|0.00|1.80|FACT|wRivas|1000000|USD|1|2024-05-13|1.8027|39.22
1007404|1025287-1|2024-05-13|98.33|0.00|98.33|FACT|wRivas|1000000|USD|1|2024-05-13|98.3304|39.22
1007407|1025288-1|2024-05-13|5.16|0.00|5.16|FACT|wRivas|1000000|USD|1|2024-05-13|5.1560|39.22
1007359|1025210-1|2024-05-13|0.96|0.00|0.96|FACT|wRivas|1000000|USD|1|2024-05-13|0.9592|39.22
1007407|1025289-1|2024-05-13|0.97|0.00|0.97|FACT|wRivas|1000000|USD|1|2024-05-13|0.9702|39.22
1007362|1025212-1|2024-05-13|0.12|0.00|0.12|FACT|wRivas|1000000|USD|1|2024-05-13|0.1168|39.22
1007362|1025213-1|2024-05-13|0.07|0.00|0.07|FACT|wRivas|1000000|USD|1|2024-05-13|0.0691|39.22
1007362|1025214-1|2024-05-13|0.04|0.00|0.04|FACT|wRivas|1000000|USD|1|2024-05-13|0.0354|39.22
1007362|1025215-1|2024-05-13|0.05|0.00|0.05|FACT|wRivas|1000000|USD|1|2024-05-13|0.0490|39.22
1007362|1025216-1|2024-05-13|0.03|0.00|0.03|FACT|wRivas|1000000|USD|1|2024-05-13|0.0291|39.22
1007427|1025294-1|2024-05-13|0.21|0.00|0.21|FACT|wRivas|1000000|USD|1|2024-05-13|0.2096|39.22
1007363|1025217-1|2024-05-13|0.52|0.00|0.52|FACT|wRivas|1000000|USD|1|2024-05-13|0.5232|39.22
1007363|1025218-1|2024-05-13|0.74|0.00|0.74|FACT|wRivas|1000000|USD|1|2024-05-13|0.7404|39.22
1007427|1025295-1|2024-05-13|5.37|0.00|5.37|FACT|wRivas|1000000|USD|1|2024-05-13|5.3748|39.22
1007427|1025296-1|2024-05-13|17.01|0.00|17.01|FACT|wRivas|1000000|USD|1|2024-05-13|17.0135|39.22
1007363|1025219-1|2024-05-13|0.18|0.00|0.18|FACT|wRivas|1000000|USD|1|2024-05-13|0.1772|39.22
1007363|1025220-1|2024-05-13|0.13|0.00|0.13|FACT|wRivas|1000000|USD|1|2024-05-13|0.1313|39.22
1007427|1025297-1|2024-05-13|8.76|0.00|8.76|FACT|wRivas|1000000|USD|1|2024-05-13|8.7585|39.22
1007369|1025221-1|2024-05-13|0.19|0.00|0.19|FACT|wRivas|1000000|USD|1|2024-05-13|0.1930|39.22
1007427|1025298-1|2024-05-13|16.95|0.00|16.95|FACT|wRivas|1000000|USD|1|2024-05-13|16.9521|39.22
1007369|1025222-1|2024-05-13|0.01|0.00|0.01|FACT|wRivas|1000000|USD|1|2024-05-13|0.0148|39.22
1007427|1025299-1|2024-05-13|12.93|0.00|12.93|FACT|wRivas|1000000|USD|1|2024-05-13|12.9322|39.22
1007369|1025223-1|2024-05-13|0.11|0.00|0.11|FACT|wRivas|1000000|USD|1|2024-05-13|0.1132|39.22
1007427|1025300-1|2024-05-13|19.18|0.00|19.18|FACT|wRivas|1000000|USD|1|2024-05-13|19.1785|39.22
1007369|1025224-1|2024-05-13|0.01|0.00|0.01|FACT|wRivas|1000000|USD|1|2024-05-13|0.0074|39.22
1007369|1025225-1|2024-05-13|0.28|0.00|0.28|FACT|wRivas|1000000|USD|1|2024-05-13|0.2779|39.22
1007369|1025226-1|2024-05-13|0.26|0.00|0.26|FACT|wRivas|1000000|USD|1|2024-05-13|0.2588|39.22
1007434|1025303-1|2024-05-13|0.15|0.00|0.15|FACT|wRivas|1000000|USD|1|2024-05-13|0.1466|39.22
1007369|1025227-1|2024-05-13|3.28|0.00|3.28|FACT|wRivas|1000000|USD|1|2024-05-13|3.2823|39.22
1007369|1025228-1|2024-05-13|0.72|0.00|0.72|FACT|wRivas|1000000|USD|1|2024-05-13|0.7172|39.22
1007434|1025304-1|2024-05-13|0.52|0.00|0.52|FACT|wRivas|1000000|USD|1|2024-05-13|0.5232|39.22
1007370|1025229-1|2024-05-13|8.53|0.00|8.53|FACT|wRivas|1000000|USD|1|2024-05-13|8.5334|39.22
1007434|1025305-1|2024-05-13|0.25|0.00|0.25|FACT|wRivas|1000000|USD|1|2024-05-13|0.2450|39.22
1007370|1025230-1|2024-05-13|1.52|0.00|1.52|FACT|wRivas|1000000|USD|1|2024-05-13|1.5158|39.22
1007434|1025306-1|2024-05-13|0.18|0.00|0.18|FACT|wRivas|1000000|USD|1|2024-05-13|0.1798|39.22
1007370|1025231-1|2024-05-13|1.89|0.00|1.89|FACT|wRivas|1000000|USD|1|2024-05-13|1.8876|39.22
1007436|1025307-1|2024-05-13|11.39|0.00|11.39|FACT|wRivas|1000000|USD|1|2024-05-13|11.3891|39.22
1007370|1025232-1|2024-05-13|0.42|0.00|0.42|FACT|wRivas|1000000|USD|1|2024-05-13|0.4192|39.22
1007438|1025308-1|2024-05-13|11.14|0.00|11.14|FACT|wRivas|1000000|USD|1|2024-05-13|11.1441|39.22
1007373|1025233-1|2024-05-13|54.95|0.00|54.95|FACT|wRivas|1000000|USD|1|2024-05-13|54.9528|39.22
1007373|1025234-1|2024-05-13|15.54|0.00|15.54|FACT|wRivas|1000000|USD|1|2024-05-13|15.5385|39.22
1007438|1025309-1|2024-05-13|279.04|0.00|279.04|FACT|wRivas|1000000|USD|1|2024-05-13|279.0416|39.22
1007373|1025235-1|2024-05-13|14.87|0.00|14.87|FACT|wRivas|1000000|USD|1|2024-05-13|14.8682|39.22
1007438|1025310-1|2024-05-13|229.82|0.00|229.82|FACT|wRivas|1000000|USD|1|2024-05-13|229.8218|39.22
1007373|1025236-1|2024-05-13|10.34|0.00|10.34|FACT|wRivas|1000000|USD|1|2024-05-13|10.3355|39.22
1007438|1025311-1|2024-05-13|169.27|0.00|169.27|FACT|wRivas|1000000|USD|1|2024-05-13|169.2733|39.22
1007373|1025237-1|2024-05-13|26.21|0.00|26.21|FACT|wRivas|1000000|USD|1|2024-05-13|26.2058|39.22
1007438|1025312-1|2024-05-13|147.43|0.00|147.43|FACT|wRivas|1000000|USD|1|2024-05-13|147.4306|39.22
1007373|1025238-1|2024-05-13|25.98|0.00|25.98|FACT|wRivas|1000000|USD|1|2024-05-13|25.9753|39.22
1007438|1025313-1|2024-05-13|285.04|0.00|285.04|FACT|wRivas|1000000|USD|1|2024-05-13|285.0393|39.22
1007373|1025239-1|2024-05-13|8.61|0.00|8.61|FACT|wRivas|1000000|USD|1|2024-05-13|8.6130|39.22
1007438|1025314-1|2024-05-13|67.97|0.00|67.97|FACT|wRivas|1000000|USD|1|2024-05-13|67.9722|39.22
1007373|1025240-1|2024-05-13|34.17|0.00|34.17|FACT|wRivas|1000000|USD|1|2024-05-13|34.1655|39.22
1007438|1025315-1|2024-05-13|82.09|0.00|82.09|FACT|wRivas|1000000|USD|1|2024-05-13|82.0877|39.22
1007373|1025241-1|2024-05-13|17.96|0.00|17.96|FACT|wRivas|1000000|USD|1|2024-05-13|17.9648|39.22
1007373|1025242-1|2024-05-13|13.06|0.00|13.06|FACT|wRivas|1000000|USD|1|2024-05-13|13.0625|39.22
1007438|1025316-1|2024-05-13|48.84|0.00|48.84|FACT|wRivas|1000000|USD|1|2024-05-13|48.8399|39.22
1007373|1025243-1|2024-05-13|12.28|0.00|12.28|FACT|wRivas|1000000|USD|1|2024-05-13|12.2777|39.22
1007438|1025317-1|2024-05-13|24.86|0.00|24.86|FACT|wRivas|1000000|USD|1|2024-05-13|24.8595|39.22
1007373|1025244-1|2024-05-13|25.34|0.00|25.34|FACT|wRivas|1000000|USD|1|2024-05-13|25.3378|39.22
1007438|1025318-1|2024-05-13|8.21|0.00|8.21|FACT|wRivas|1000000|USD|1|2024-05-13|8.2116|39.22
1007373|1025245-1|2024-05-13|4.31|0.00|4.31|FACT|wRivas|1000000|USD|1|2024-05-13|4.3065|39.22
1007373|1025246-1|2024-05-13|25.96|0.00|25.96|FACT|wRivas|1000000|USD|1|2024-05-13|25.9612|39.22
1007373|1025247-1|2024-05-13|8.56|0.00|8.56|FACT|wRivas|1000000|USD|1|2024-05-13|8.5604|39.22
1007373|1025250-1|2024-05-13|7.81|0.00|7.81|FACT|wRivas|1000000|USD|1|2024-05-13|7.8113|39.22
1007373|1025251-1|2024-05-13|9.34|0.00|9.34|FACT|wRivas|1000000|USD|1|2024-05-13|9.3363|39.22
1007373|1025252-1|2024-05-13|6.00|0.00|6.00|FACT|wRivas|1000000|USD|1|2024-05-13|6.0013|39.22
1007373|1025253-1|2024-05-13|25.06|0.00|25.06|FACT|wRivas|1000000|USD|1|2024-05-13|25.0566|39.22
1007373|1025254-1|2024-05-13|3.80|0.00|3.80|FACT|wRivas|1000000|USD|1|2024-05-13|3.8039|39.22
1007373|1025255-1|2024-05-13|4.98|0.00|4.98|FACT|wRivas|1000000|USD|1|2024-05-13|4.9809|39.22
1007373|1025256-1|2024-05-13|0.86|0.00|0.86|FACT|wRivas|1000000|USD|1|2024-05-13|0.8613|39.22
1007446|1025328-1|2024-05-13|0.40|0.00|0.40|FACT|wRivas|1000000|USD|1|2024-05-13|0.4044|39.22
1007373|1025257-1|2024-05-13|0.88|0.00|0.88|FACT|wRivas|1000000|USD|1|2024-05-13|0.8802|39.22
1007446|1025329-1|2024-05-13|11.82|0.00|11.82|FACT|wRivas|1000000|USD|1|2024-05-13|11.8190|39.22
1007373|1025258-1|2024-05-13|9.54|0.00|9.54|FACT|wRivas|1000000|USD|1|2024-05-13|9.5357|39.22
1007447|1025331-1|2024-05-13|1.79|0.00|1.79|FACT|wRivas|1000000|USD|1|2024-05-13|1.7876|39.22
1007450|1025333-1|2024-05-13|6.80|0.00|6.80|FACT|wRivas|1000000|USD|1|2024-05-13|6.8032|39.22
1007450|1025334-1|2024-05-13|29.42|0.00|29.42|FACT|wRivas|1000000|USD|1|2024-05-13|29.4171|39.22
1007450|1025335-1|2024-05-13|509.49|0.00|509.49|FACT|wRivas|1000000|USD|1|2024-05-13|509.4890|39.22
1007450|1025336-1|2024-05-13|2.60|0.00|2.60|FACT|wRivas|1000000|USD|1|2024-05-13|2.6002|39.22
1007450|1025337-1|2024-05-13|107.62|0.00|107.62|FACT|wRivas|1000000|USD|1|2024-05-13|107.6226|39.22
1007467|1025344-1|2024-05-13|9.24|0.00|9.24|FACT|wRivas|1000000|USD|1|2024-05-13|9.2389|39.22
1007467|1025345-1|2024-05-13|3.02|0.00|3.02|FACT|wRivas|1000000|USD|1|2024-05-13|3.0156|39.22
1007467|1025346-1|2024-05-13|1.98|0.00|1.98|FACT|wRivas|1000000|USD|1|2024-05-13|1.9811|39.22
1007467|1025347-1|2024-05-13|7.75|0.00|7.75|FACT|wRivas|1000000|USD|1|2024-05-13|7.7455|39.22
1007467|1025348-1|2024-05-13|2.52|0.00|2.52|FACT|wRivas|1000000|USD|1|2024-05-13|2.5184|39.22
1007467|1025349-1|2024-05-13|3.96|0.00|3.96|FACT|wRivas|1000000|USD|1|2024-05-13|3.9620|39.22
1007467|1025350-1|2024-05-13|19.31|0.00|19.31|FACT|wRivas|1000000|USD|1|2024-05-13|19.3149|39.22
1007467|1025351-1|2024-05-13|6.98|0.00|6.98|FACT|wRivas|1000000|USD|1|2024-05-13|6.9850|39.22
1007467|1025352-1|2024-05-13|9.80|0.00|9.80|FACT|wRivas|1000000|USD|1|2024-05-13|9.7968|39.22
1007467|1025353-1|2024-05-13|3.39|0.00|3.39|FACT|wRivas|1000000|USD|1|2024-05-13|3.3870|39.22
1007467|1025354-1|2024-05-13|11.33|0.00|11.33|FACT|wRivas|1000000|USD|1|2024-05-13|11.3287|39.22
1007467|1025355-1|2024-05-13|38.72|0.00|38.72|FACT|wRivas|1000000|USD|1|2024-05-13|38.7200|39.22
1007467|1025356-1|2024-05-13|7.37|0.00|7.37|FACT|wRivas|1000000|USD|1|2024-05-13|7.3730|39.22
1007467|1025357-1|2024-05-13|7.93|0.00|7.93|FACT|wRivas|1000000|USD|1|2024-05-13|7.9301|39.22
1007467|1025358-1|2024-05-13|4.58|0.00|4.58|FACT|wRivas|1000000|USD|1|2024-05-13|4.5798|39.22
1007467|1025359-1|2024-05-13|33.65|0.00|33.65|FACT|wRivas|1000000|USD|1|2024-05-13|33.6461|39.22
1007467|1025360-1|2024-05-13|29.18|0.00|29.18|FACT|wRivas|1000000|USD|1|2024-05-13|29.1764|39.22
1007467|1025361-1|2024-05-13|15.44|0.00|15.44|FACT|wRivas|1000000|USD|1|2024-05-13|15.4357|39.22
1007467|1025362-1|2024-05-13|8.93|0.00|8.93|FACT|wRivas|1000000|USD|1|2024-05-13|8.9255|39.22
1007467|1025363-1|2024-05-13|5.66|0.00|5.66|FACT|wRivas|1000000|USD|1|2024-05-13|5.6645|39.22
1007467|1025364-1|2024-05-13|4.12|0.00|4.12|FACT|wRivas|1000000|USD|1|2024-05-13|4.1219|39.22
1007467|1025365-1|2024-05-13|5.44|0.00|5.44|FACT|wRivas|1000000|USD|1|2024-05-13|5.4434|39.22
1007467|1025366-1|2024-05-13|15.11|0.00|15.11|FACT|wRivas|1000000|USD|1|2024-05-13|15.1061|39.22
1007467|1025367-1|2024-05-13|2.64|0.00|2.64|FACT|wRivas|1000000|USD|1|2024-05-13|2.6441|39.22
1007467|1025368-1|2024-05-13|4.98|0.00|4.98|FACT|wRivas|1000000|USD|1|2024-05-13|4.9760|39.22
1007467|1025369-1|2024-05-13|4.53|0.00|4.53|FACT|wRivas|1000000|USD|1|2024-05-13|4.5316|39.22
1007467|1025370-1|2024-05-13|25.17|0.00|25.17|FACT|wRivas|1000000|USD|1|2024-05-13|25.1741|39.22
1007467|1025371-1|2024-05-13|4.14|0.00|4.14|FACT|wRivas|1000000|USD|1|2024-05-13|4.1433|39.22
1007467|1025372-1|2024-05-13|5.66|0.00|5.66|FACT|wRivas|1000000|USD|1|2024-05-13|5.6645|39.22
1007467|1025373-1|2024-05-13|3.66|0.00|3.66|FACT|wRivas|1000000|USD|1|2024-05-13|3.6639|39.22
1007467|1025374-1|2024-05-13|42.00|0.00|42.00|FACT|wRivas|1000000|USD|1|2024-05-13|41.9964|39.22
1007467|1025375-1|2024-05-13|8.00|0.00|8.00|FACT|wRivas|1000000|USD|1|2024-05-13|7.9975|39.22
1007467|1025376-1|2024-05-13|18.10|0.00|18.10|FACT|wRivas|1000000|USD|1|2024-05-13|18.0954|39.22
1007467|1025377-1|2024-05-13|11.33|0.00|11.33|FACT|wRivas|1000000|USD|1|2024-05-13|11.3287|39.22
1007467|1025378-1|2024-05-13|8.47|0.00|8.47|FACT|wRivas|1000000|USD|1|2024-05-13|8.4679|39.22
1007467|1025379-1|2024-05-13|11.33|0.00|11.33|FACT|wRivas|1000000|USD|1|2024-05-13|11.3287|39.22
1007467|1025380-1|2024-05-13|32.35|0.00|32.35|FACT|wRivas|1000000|USD|1|2024-05-13|32.3536|39.22
1007467|1025381-1|2024-05-13|0.82|0.00|0.82|FACT|wRivas|1000000|USD|1|2024-05-13|0.8233|39.22
1007467|1025382-1|2024-05-13|16.41|0.00|16.41|FACT|wRivas|1000000|USD|1|2024-05-13|16.4057|39.22
1007467|1025383-1|2024-05-13|4.05|0.00|4.05|FACT|wRivas|1000000|USD|1|2024-05-13|4.0497|39.22
1007467|1025384-1|2024-05-13|5.21|0.00|5.21|FACT|wRivas|1000000|USD|1|2024-05-13|5.2070|39.22
1007467|1025385-1|2024-05-13|11.33|0.00|11.33|FACT|wRivas|1000000|USD|1|2024-05-13|11.3287|39.22
1007467|1025386-1|2024-05-13|20.01|0.00|20.01|FACT|wRivas|1000000|USD|1|2024-05-13|20.0064|39.22
1007467|1025387-1|2024-05-13|1.66|0.00|1.66|FACT|wRivas|1000000|USD|1|2024-05-13|1.6573|39.22
1007467|1025388-1|2024-05-13|1.29|0.00|1.29|FACT|wRivas|1000000|USD|1|2024-05-13|1.2919|39.22
1007467|1025389-1|2024-05-13|1.83|0.00|1.83|FACT|wRivas|1000000|USD|1|2024-05-13|1.8320|39.22
1007467|1025390-1|2024-05-13|12.34|0.00|12.34|FACT|wRivas|1000000|USD|1|2024-05-13|12.3383|39.22
1007467|1025391-1|2024-05-13|1.98|0.00|1.98|FACT|wRivas|1000000|USD|1|2024-05-13|1.9847|39.22
1007467|1025392-1|2024-05-13|30.78|0.00|30.78|FACT|wRivas|1000000|USD|1|2024-05-13|30.7815|39.22
1007467|1025393-1|2024-05-13|10.32|0.00|10.32|FACT|wRivas|1000000|USD|1|2024-05-13|10.3248|39.22
1007467|1025394-1|2024-05-13|16.99|0.00|16.99|FACT|wRivas|1000000|USD|1|2024-05-13|16.9931|39.22
1007467|1025395-1|2024-05-13|19.72|0.00|19.72|FACT|wRivas|1000000|USD|1|2024-05-13|19.7223|39.22
1007467|1025396-1|2024-05-13|0.41|0.00|0.41|FACT|wRivas|1000000|USD|1|2024-05-13|0.4118|39.22
1007467|1025397-1|2024-05-13|7.57|0.00|7.57|FACT|wRivas|1000000|USD|1|2024-05-13|7.5696|39.22
1007467|1025398-1|2024-05-13|2.64|0.00|2.64|FACT|wRivas|1000000|USD|1|2024-05-13|2.6441|39.22
1007467|1025399-1|2024-05-13|11.33|0.00|11.33|FACT|wRivas|1000000|USD|1|2024-05-13|11.3287|39.22
1007467|1025400-1|2024-05-13|13.17|0.00|13.17|FACT|wRivas|1000000|USD|1|2024-05-13|13.1685|39.22
1007467|1025401-1|2024-05-13|1.98|0.00|1.98|FACT|wRivas|1000000|USD|1|2024-05-13|1.9847|39.22
1007467|1025402-1|2024-05-13|18.43|0.00|18.43|FACT|wRivas|1000000|USD|1|2024-05-13|18.4261|39.22
1007467|1025403-1|2024-05-13|4.29|0.00|4.29|FACT|wRivas|1000000|USD|1|2024-05-13|4.2937|39.22
1007467|1025404-1|2024-05-13|11.33|0.00|11.33|FACT|wRivas|1000000|USD|1|2024-05-13|11.3287|39.22
1007467|1025405-1|2024-05-13|10.91|0.00|10.91|FACT|wRivas|1000000|USD|1|2024-05-13|10.9105|39.22
1007467|1025406-1|2024-05-13|1.37|0.00|1.37|FACT|wRivas|1000000|USD|1|2024-05-13|1.3740|39.22
1007467|1025407-1|2024-05-13|3.82|0.00|3.82|FACT|wRivas|1000000|USD|1|2024-05-13|3.8205|39.22
1007467|1025408-1|2024-05-13|0.40|0.00|0.40|FACT|wRivas|1000000|USD|1|2024-05-13|0.3970|39.22
1007467|1025409-1|2024-05-13|26.25|0.00|26.25|FACT|wRivas|1000000|USD|1|2024-05-13|26.2506|39.22
1007467|1025410-1|2024-05-13|4.50|0.00|4.50|FACT|wRivas|1000000|USD|1|2024-05-13|4.5015|39.22
1007467|1025411-1|2024-05-13|1.98|0.00|1.98|FACT|wRivas|1000000|USD|1|2024-05-13|1.9811|39.22
1007467|1025412-1|2024-05-13|11.73|0.00|11.73|FACT|wRivas|1000000|USD|1|2024-05-13|11.7267|39.22
1007467|1025413-1|2024-05-13|4.18|0.00|4.18|FACT|wRivas|1000000|USD|1|2024-05-13|4.1808|39.22
1007467|1025414-1|2024-05-13|9.10|0.00|9.10|FACT|wRivas|1000000|USD|1|2024-05-13|9.1017|39.22
1007467|1025415-1|2024-05-13|0.82|0.00|0.82|FACT|wRivas|1000000|USD|1|2024-05-13|0.8213|39.22
1007467|1025416-1|2024-05-13|5.66|0.00|5.66|FACT|wRivas|1000000|USD|1|2024-05-13|5.6645|39.22
1007467|1025417-1|2024-05-13|3.42|0.00|3.42|FACT|wRivas|1000000|USD|1|2024-05-13|3.4217|39.22
1007467|1025418-1|2024-05-13|23.27|0.00|23.27|FACT|wRivas|1000000|USD|1|2024-05-13|23.2705|39.22
1007467|1025419-1|2024-05-13|6.98|0.00|6.98|FACT|wRivas|1000000|USD|1|2024-05-13|6.9850|39.22
1007467|1025420-1|2024-05-13|16.46|0.00|16.46|FACT|wRivas|1000000|USD|1|2024-05-13|16.4635|39.22
1007467|1025421-1|2024-05-13|5.90|0.00|5.90|FACT|wRivas|1000000|USD|1|2024-05-13|5.9031|39.22
1007467|1025422-1|2024-05-13|5.26|0.00|5.26|FACT|wRivas|1000000|USD|1|2024-05-13|5.2560|39.22
1007467|1025423-1|2024-05-13|4.53|0.00|4.53|FACT|wRivas|1000000|USD|1|2024-05-13|4.5314|39.22
1007467|1025424-1|2024-05-13|11.45|0.00|11.45|FACT|wRivas|1000000|USD|1|2024-05-13|11.4482|39.22
1007467|1025425-1|2024-05-13|2.97|0.00|2.97|FACT|wRivas|1000000|USD|1|2024-05-13|2.9661|39.22
1007467|1025426-1|2024-05-13|6.16|0.00|6.16|FACT|wRivas|1000000|USD|1|2024-05-13|6.1553|39.22
1007467|1025427-1|2024-05-13|3.76|0.00|3.76|FACT|wRivas|1000000|USD|1|2024-05-13|3.7593|39.22
1007467|1025428-1|2024-05-13|0.66|0.00|0.66|FACT|wRivas|1000000|USD|1|2024-05-13|0.6611|39.22
1007467|1025429-1|2024-05-13|5.66|0.00|5.66|FACT|wRivas|1000000|USD|1|2024-05-13|5.6645|39.22
1007467|1025430-1|2024-05-13|12.22|0.00|12.22|FACT|wRivas|1000000|USD|1|2024-05-13|12.2216|39.22
1007467|1025431-1|2024-05-13|3.40|0.00|3.40|FACT|wRivas|1000000|USD|1|2024-05-13|3.3985|39.22
1007467|1025432-1|2024-05-13|1.37|0.00|1.37|FACT|wRivas|1000000|USD|1|2024-05-13|1.3740|39.22
1007467|1025433-1|2024-05-13|13.27|0.00|13.27|FACT|wRivas|1000000|USD|1|2024-05-13|13.2662|39.22
1007467|1025434-1|2024-05-13|6.91|0.00|6.91|FACT|wRivas|1000000|USD|1|2024-05-13|6.9054|39.22
1007467|1025435-1|2024-05-13|5.14|0.00|5.14|FACT|wRivas|1000000|USD|1|2024-05-13|5.1384|39.22
1007467|1025436-1|2024-05-13|0.43|0.00|0.43|FACT|wRivas|1000000|USD|1|2024-05-13|0.4347|39.22
1007467|1025437-1|2024-05-13|2.07|0.00|2.07|FACT|wRivas|1000000|USD|1|2024-05-13|2.0650|39.22
1007467|1025438-1|2024-05-13|3.40|0.00|3.40|FACT|wRivas|1000000|USD|1|2024-05-13|3.3985|39.22
1007467|1025439-1|2024-05-13|8.12|0.00|8.12|FACT|wRivas|1000000|USD|1|2024-05-13|8.1201|39.22
1007467|1025440-1|2024-05-13|1.94|0.00|1.94|FACT|wRivas|1000000|USD|1|2024-05-13|1.9373|39.22
1007467|1025441-1|2024-05-13|11.75|0.00|11.75|FACT|wRivas|1000000|USD|1|2024-05-13|11.7460|39.22
1007467|1025442-1|2024-05-13|2.27|0.00|2.27|FACT|wRivas|1000000|USD|1|2024-05-13|2.2657|39.22
1007467|1025443-1|2024-05-13|3.99|0.00|3.99|FACT|wRivas|1000000|USD|1|2024-05-13|3.9883|39.22
1007467|1025444-1|2024-05-13|14.19|0.00|14.19|FACT|wRivas|1000000|USD|1|2024-05-13|14.1940|39.22
1007467|1025445-1|2024-05-13|3.40|0.00|3.40|FACT|wRivas|1000000|USD|1|2024-05-13|3.3985|39.22
1007467|1025446-1|2024-05-13|17.37|0.00|17.37|FACT|wRivas|1000000|USD|1|2024-05-13|17.3730|39.22
1007467|1025447-1|2024-05-13|5.66|0.00|5.66|FACT|wRivas|1000000|USD|1|2024-05-13|5.6645|39.22
1007467|1025448-1|2024-05-13|2.75|0.00|2.75|FACT|wRivas|1000000|USD|1|2024-05-13|2.7478|39.22
1007467|1025449-1|2024-05-13|6.40|0.00|6.40|FACT|wRivas|1000000|USD|1|2024-05-13|6.4003|39.22
1007467|1025450-1|2024-05-13|6.33|0.00|6.33|FACT|wRivas|1000000|USD|1|2024-05-13|6.3264|39.22
1007467|1025451-1|2024-05-13|2.27|0.00|2.27|FACT|wRivas|1000000|USD|1|2024-05-13|2.2657|39.22
1007467|1025452-1|2024-05-13|9.57|0.00|9.57|FACT|wRivas|1000000|USD|1|2024-05-13|9.5663|39.22
1007467|1025453-1|2024-05-13|4.53|0.00|4.53|FACT|wRivas|1000000|USD|1|2024-05-13|4.5314|39.22
1007467|1025454-1|2024-05-13|3.32|0.00|3.32|FACT|wRivas|1000000|USD|1|2024-05-13|3.3177|39.22
1007467|1025455-1|2024-05-13|2.21|0.00|2.21|FACT|wRivas|1000000|USD|1|2024-05-13|2.2137|39.22
1007467|1025456-1|2024-05-13|0.92|0.00|0.92|FACT|wRivas|1000000|USD|1|2024-05-13|0.9159|39.22
1007467|1025457-1|2024-05-13|22.31|0.00|22.31|FACT|wRivas|1000000|USD|1|2024-05-13|22.3141|39.22
1007467|1025458-1|2024-05-13|1.98|0.00|1.98|FACT|wRivas|1000000|USD|1|2024-05-13|1.9847|39.22
1007467|1025459-1|2024-05-13|21.83|0.00|21.83|FACT|wRivas|1000000|USD|1|2024-05-13|21.8320|39.22
1007467|1025460-1|2024-05-13|3.40|0.00|3.40|FACT|wRivas|1000000|USD|1|2024-05-13|3.3985|39.22
1007467|1025461-1|2024-05-13|24.99|0.00|24.99|FACT|wRivas|1000000|USD|1|2024-05-13|24.9926|39.22
1007467|1025462-1|2024-05-13|1.66|0.00|1.66|FACT|wRivas|1000000|USD|1|2024-05-13|1.6573|39.22
1007467|1025463-1|2024-05-13|3.40|0.00|3.40|FACT|wRivas|1000000|USD|1|2024-05-13|3.3985|39.22
1007467|1025464-1|2024-05-13|17.75|0.00|17.75|FACT|wRivas|1000000|USD|1|2024-05-13|17.7453|39.22
1007467|1025465-1|2024-05-13|4.97|0.00|4.97|FACT|wRivas|1000000|USD|1|2024-05-13|4.9748|39.22
1007467|1025466-1|2024-05-13|27.09|0.00|27.09|FACT|wRivas|1000000|USD|1|2024-05-13|27.0915|39.22
1007467|1025467-1|2024-05-13|15.47|0.00|15.47|FACT|wRivas|1000000|USD|1|2024-05-13|15.4697|39.22
1007467|1025468-1|2024-05-13|4.53|0.00|4.53|FACT|wRivas|1000000|USD|1|2024-05-13|4.5314|39.22
1007467|1025469-1|2024-05-13|2.75|0.00|2.75|FACT|wRivas|1000000|USD|1|2024-05-13|2.7478|39.22
1007467|1025470-1|2024-05-13|15.18|0.00|15.18|FACT|wRivas|1000000|USD|1|2024-05-13|15.1795|39.22
1007467|1025471-1|2024-05-13|4.47|0.00|4.47|FACT|wRivas|1000000|USD|1|2024-05-13|4.4651|39.22
1007467|1025472-1|2024-05-13|3.40|0.00|3.40|FACT|wRivas|1000000|USD|1|2024-05-13|3.3985|39.22
1007467|1025473-1|2024-05-13|12.26|0.00|12.26|FACT|wRivas|1000000|USD|1|2024-05-13|12.2616|39.22
1007467|1025474-1|2024-05-13|2.30|0.00|2.30|FACT|wRivas|1000000|USD|1|2024-05-13|2.3032|39.22
1007467|1025475-1|2024-05-13|2.27|0.00|2.27|FACT|wRivas|1000000|USD|1|2024-05-13|2.2657|39.22
1007467|1025476-1|2024-05-13|0.92|0.00|0.92|FACT|wRivas|1000000|USD|1|2024-05-13|0.9159|39.22
1007467|1025477-1|2024-05-13|35.73|0.00|35.73|FACT|wRivas|1000000|USD|1|2024-05-13|35.7297|39.22
1007467|1025478-1|2024-05-13|14.67|0.00|14.67|FACT|wRivas|1000000|USD|1|2024-05-13|14.6688|39.22
1007467|1025479-1|2024-05-13|6.49|0.00|6.49|FACT|wRivas|1000000|USD|1|2024-05-13|6.4934|39.22
1007467|1025480-1|2024-05-13|11.33|0.00|11.33|FACT|wRivas|1000000|USD|1|2024-05-13|11.3287|39.22
1007467|1025481-1|2024-05-13|27.89|0.00|27.89|FACT|wRivas|1000000|USD|1|2024-05-13|27.8868|39.22
1007467|1025482-1|2024-05-13|2.49|0.00|2.49|FACT|wRivas|1000000|USD|1|2024-05-13|2.4860|39.22
1007467|1025483-1|2024-05-13|11.33|0.00|11.33|FACT|wRivas|1000000|USD|1|2024-05-13|11.3287|39.22
1007467|1025484-1|2024-05-13|0.65|0.00|0.65|FACT|wRivas|1000000|USD|1|2024-05-13|0.6458|39.22
1007467|1025485-1|2024-05-13|4.58|0.00|4.58|FACT|wRivas|1000000|USD|1|2024-05-13|4.5798|39.22
1007467|1025486-1|2024-05-13|96.55|0.00|96.55|FACT|wRivas|1000000|USD|1|2024-05-13|96.5518|39.22
1007467|1025487-1|2024-05-13|53.73|0.00|53.73|FACT|wRivas|1000000|USD|1|2024-05-13|53.7325|39.22
1007467|1025488-1|2024-05-13|14.74|0.00|14.74|FACT|wRivas|1000000|USD|1|2024-05-13|14.7404|39.22
1007467|1025489-1|2024-05-13|22.66|0.00|22.66|FACT|wRivas|1000000|USD|1|2024-05-13|22.6573|39.22
1007467|1025490-1|2024-05-13|27.46|0.00|27.46|FACT|wRivas|1000000|USD|1|2024-05-13|27.4648|39.22
1007467|1025491-1|2024-05-13|3.11|0.00|3.11|FACT|wRivas|1000000|USD|1|2024-05-13|3.1132|39.22
1007467|1025492-1|2024-05-13|44.46|0.00|44.46|FACT|wRivas|1000000|USD|1|2024-05-13|44.4587|39.22
1007467|1025493-1|2024-05-13|7.94|0.00|7.94|FACT|wRivas|1000000|USD|1|2024-05-13|7.9355|39.22
1007467|1025494-1|2024-05-13|29.06|0.00|29.06|FACT|wRivas|1000000|USD|1|2024-05-13|29.0584|39.22
1007467|1025495-1|2024-05-13|3.74|0.00|3.74|FACT|wRivas|1000000|USD|1|2024-05-13|3.7351|39.22
1007467|1025496-1|2024-05-13|2.30|0.00|2.30|FACT|wRivas|1000000|USD|1|2024-05-13|2.3032|39.22
1007467|1025497-1|2024-05-13|11.33|0.00|11.33|FACT|wRivas|1000000|USD|1|2024-05-13|11.3287|39.22
1007467|1025498-1|2024-05-13|6.87|0.00|6.87|FACT|wRivas|1000000|USD|1|2024-05-13|6.8697|39.22
1007467|1025499-1|2024-05-13|31.25|0.00|31.25|FACT|wRivas|1000000|USD|1|2024-05-13|31.2466|39.22
1007467|1025500-1|2024-05-13|12.81|0.00|12.81|FACT|wRivas|1000000|USD|1|2024-05-13|12.8116|39.22
1007467|1025501-1|2024-05-13|35.26|0.00|35.26|FACT|wRivas|1000000|USD|1|2024-05-13|35.2644|39.22
1007467|1025502-1|2024-05-13|16.99|0.00|16.99|FACT|wRivas|1000000|USD|1|2024-05-13|16.9931|39.22
1007467|1025503-1|2024-05-13|14.31|0.00|14.31|FACT|wRivas|1000000|USD|1|2024-05-13|14.3106|39.22
1007467|1025504-1|2024-05-13|4.79|0.00|4.79|FACT|wRivas|1000000|USD|1|2024-05-13|4.7891|39.22
1007467|1025505-1|2024-05-13|11.33|0.00|11.33|FACT|wRivas|1000000|USD|1|2024-05-13|11.3287|39.22
1007467|1025506-1|2024-05-13|3.66|0.00|3.66|FACT|wRivas|1000000|USD|1|2024-05-13|3.6639|39.22
1007475|1025510-1|2024-05-13|2.17|0.00|2.17|FACT|wRivas|1000000|USD|1|2024-05-13|2.1741|39.22
1007475|1025511-1|2024-05-13|6.52|0.00|6.52|FACT|wRivas|1000000|USD|1|2024-05-13|6.5227|39.22
1007485|1025513-1|2024-05-13|0.34|0.00|0.34|FACT|wRivas|1000000|USD|1|2024-05-13|0.3424|39.22
1007497|1025515-1|2024-05-13|33.80|0.00|33.80|FACT|wRivas|1000000|USD|1|2024-05-13|33.7991|39.22
1007497|1025516-1|2024-05-13|36.40|0.00|36.40|FACT|wRivas|1000000|USD|1|2024-05-13|36.4001|39.22
1007499|1025517-1|2024-05-13|0.68|0.00|0.68|FACT|wRivas|1000000|USD|1|2024-05-13|0.6752|39.22
1007499|1025518-1|2024-05-13|0.68|0.00|0.68|FACT|wRivas|1000000|USD|1|2024-05-13|0.6752|39.22
1007500|1025519-1|2024-05-13|1.62|0.00|1.62|FACT|wRivas|1000000|USD|1|2024-05-13|1.6201|39.22
1007510|1025520-1|2024-05-13|32.91|0.00|32.91|FACT|wRivas|1000000|USD|1|2024-05-13|32.9108|39.22
1007514|1025523-1|2024-05-13|40.42|0.00|40.42|FACT|wRivas|1000000|USD|1|2024-05-13|40.4161|39.22
1007514|1025524-1|2024-05-13|17.36|0.00|17.36|FACT|wRivas|1000000|USD|1|2024-05-13|17.3598|39.22
1007514|1025525-1|2024-05-13|9.29|0.00|9.29|FACT|wRivas|1000000|USD|1|2024-05-13|9.2940|39.22
1007534|1025527-1|2024-05-13|4.10|0.00|4.10|FACT|wRivas|1000000|USD|1|2024-05-13|4.0994|39.22
1007534|1025528-1|2024-05-13|5.36|0.00|5.36|FACT|wRivas|1000000|USD|1|2024-05-13|5.3590|39.22
1007534|1025529-1|2024-05-13|8.16|0.00|8.16|FACT|wRivas|1000000|USD|1|2024-05-13|8.1624|39.22
1007554|1025533-1|2024-05-13|6.47|0.00|6.47|FACT|wRivas|1000000|USD|1|2024-05-13|6.4712|39.22
1007554|1025534-1|2024-05-13|3.03|0.00|3.03|FACT|wRivas|1000000|USD|1|2024-05-13|3.0288|39.22
1007554|1025535-1|2024-05-13|6.34|0.00|6.34|FACT|wRivas|1000000|USD|1|2024-05-13|6.3442|39.22
1007554|1025536-1|2024-05-13|1.46|0.00|1.46|FACT|wRivas|1000000|USD|1|2024-05-13|1.4635|39.22
1007555|1025537-1|2024-05-13|1.87|0.00|1.87|FACT|wRivas|1000000|USD|1|2024-05-13|1.8692|39.22
1007555|1025538-1|2024-05-13|0.13|0.00|0.13|FACT|wRivas|1000000|USD|1|2024-05-13|0.1308|39.22
1007559|1025539-1|2024-05-13|20.61|0.00|20.61|FACT|wRivas|1000000|USD|1|2024-05-13|20.6063|39.22
1007559|1025540-1|2024-05-13|0.80|0.00|0.80|FACT|wRivas|1000000|USD|1|2024-05-13|0.8011|39.22
1007561|1025546-1|2024-05-13|0.72|0.00|0.72|FACT|wRivas|1000000|USD|1|2024-05-13|0.7190|39.22
1007561|1025547-1|2024-05-13|0.14|0.00|0.14|FACT|wRivas|1000000|USD|1|2024-05-13|0.1392|39.22
1007593|1025551-1|2024-05-13|18.12|0.00|18.12|FACT|wRivas|1000000|USD|1|2024-05-13|18.1181|39.22
1007599|1025552-1|2024-05-13|8.95|0.00|8.95|FACT|wRivas|1000000|USD|1|2024-05-13|8.9472|39.22
1007599|1025553-1|2024-05-13|17.22|0.00|17.22|FACT|wRivas|1000000|USD|1|2024-05-13|17.2203|39.22
1007599|1025554-1|2024-05-13|63.75|0.00|63.75|FACT|wRivas|1000000|USD|1|2024-05-13|63.7468|39.22
1007599|1025555-1|2024-05-13|258.39|0.00|258.39|FACT|wRivas|1000000|USD|1|2024-05-13|258.3886|39.22
1007599|1025556-1|2024-05-13|65.58|0.00|65.58|FACT|wRivas|1000000|USD|1|2024-05-13|65.5778|39.22
1007599|1025557-1|2024-05-13|144.49|0.00|144.49|FACT|wRivas|1000000|USD|1|2024-05-13|144.4862|39.22
1007602|1025568-1|2024-05-13|57.52|0.00|57.52|FACT|wRivas|1000000|USD|1|2024-05-13|57.5178|39.22
1007602|1025569-1|2024-05-13|12.44|0.00|12.44|FACT|wRivas|1000000|USD|1|2024-05-13|12.4355|39.22
1007602|1025570-1|2024-05-13|3.42|0.00|3.42|FACT|wRivas|1000000|USD|1|2024-05-13|3.4240|39.22
1007602|1025571-1|2024-05-13|115.23|0.00|115.23|FACT|wRivas|1000000|USD|1|2024-05-13|115.2315|39.22
1007602|1025572-1|2024-05-13|18.12|0.00|18.12|FACT|wRivas|1000000|USD|1|2024-05-13|18.1239|39.22
1007602|1025573-1|2024-05-13|3.45|0.00|3.45|FACT|wRivas|1000000|USD|1|2024-05-13|3.4523|39.22
1007602|1025574-1|2024-05-13|61.76|0.00|61.76|FACT|wRivas|1000000|USD|1|2024-05-13|61.7583|39.22
1007602|1025575-1|2024-05-13|12.12|0.00|12.12|FACT|wRivas|1000000|USD|1|2024-05-13|12.1234|39.22
1007602|1025576-1|2024-05-13|21.53|0.00|21.53|FACT|wRivas|1000000|USD|1|2024-05-13|21.5293|39.22
1007602|1025577-1|2024-05-13|21.10|0.00|21.10|FACT|wRivas|1000000|USD|1|2024-05-13|21.1015|39.22
1007602|1025578-1|2024-05-13|2.71|0.00|2.71|FACT|wRivas|1000000|USD|1|2024-05-13|2.7093|39.22
1007602|1025579-1|2024-05-13|4.16|0.00|4.16|FACT|wRivas|1000000|USD|1|2024-05-13|4.1583|39.22
1007602|1025580-1|2024-05-13|19.84|0.00|19.84|FACT|wRivas|1000000|USD|1|2024-05-13|19.8427|39.22
1007602|1025581-1|2024-05-13|2.20|0.00|2.20|FACT|wRivas|1000000|USD|1|2024-05-13|2.2009|39.22
1007602|1025582-1|2024-05-13|9.64|0.00|9.64|FACT|wRivas|1000000|USD|1|2024-05-13|9.6433|39.22
1007602|1025583-1|2024-05-13|6.72|0.00|6.72|FACT|wRivas|1000000|USD|1|2024-05-13|6.7200|39.22
1007602|1025584-1|2024-05-13|64.15|0.00|64.15|FACT|wRivas|1000000|USD|1|2024-05-13|64.1464|39.22
1007602|1025585-1|2024-05-13|12.77|0.00|12.77|FACT|wRivas|1000000|USD|1|2024-05-13|12.7657|39.22
1007602|1025586-1|2024-05-13|74.13|0.00|74.13|FACT|wRivas|1000000|USD|1|2024-05-13|74.1331|39.22
1007602|1025587-1|2024-05-13|5.83|0.00|5.83|FACT|wRivas|1000000|USD|1|2024-05-13|5.8325|39.22
1007602|1025588-1|2024-05-13|3.35|0.00|3.35|FACT|wRivas|1000000|USD|1|2024-05-13|3.3473|39.22
1007602|1025589-1|2024-05-13|17.86|0.00|17.86|FACT|wRivas|1000000|USD|1|2024-05-13|17.8616|39.22
1007602|1025590-1|2024-05-13|8.40|0.00|8.40|FACT|wRivas|1000000|USD|1|2024-05-13|8.3972|39.22
1007602|1025591-1|2024-05-13|490.88|0.00|490.88|FACT|wRivas|1000000|USD|1|2024-05-13|490.8812|39.22
1007602|1025592-1|2024-05-13|84.71|0.00|84.71|FACT|wRivas|1000000|USD|1|2024-05-13|84.7073|39.22
1007602|1025593-1|2024-05-13|18.21|0.00|18.21|FACT|wRivas|1000000|USD|1|2024-05-13|18.2060|39.22
1007602|1025594-1|2024-05-13|2.16|0.00|2.16|FACT|wRivas|1000000|USD|1|2024-05-13|2.1611|39.22
1007602|1025595-1|2024-05-13|0.39|0.00|0.39|FACT|wRivas|1000000|USD|1|2024-05-13|0.3911|39.22
1007602|1025596-1|2024-05-13|43.27|0.00|43.27|FACT|wRivas|1000000|USD|1|2024-05-13|43.2721|39.22
1007602|1025597-1|2024-05-13|3.33|0.00|3.33|FACT|wRivas|1000000|USD|1|2024-05-13|3.3348|39.22
1007602|1025598-1|2024-05-13|2.92|0.00|2.92|FACT|wRivas|1000000|USD|1|2024-05-13|2.9159|39.22
1007602|1025599-1|2024-05-13|25.67|0.00|25.67|FACT|wRivas|1000000|USD|1|2024-05-13|25.6741|39.22
1007602|1025600-1|2024-05-13|15.44|0.00|15.44|FACT|wRivas|1000000|USD|1|2024-05-13|15.4378|39.22
1007602|1025601-1|2024-05-13|1.41|0.00|1.41|FACT|wRivas|1000000|USD|1|2024-05-13|1.4115|39.22
1007602|1025602-1|2024-05-13|6.92|0.00|6.92|FACT|wRivas|1000000|USD|1|2024-05-13|6.9230|39.22
1007602|1025603-1|2024-05-13|3.42|0.00|3.42|FACT|wRivas|1000000|USD|1|2024-05-13|3.4151|39.22
1007602|1025604-1|2024-05-13|3.57|0.00|3.57|FACT|wRivas|1000000|USD|1|2024-05-13|3.5706|39.22
1007602|1025605-1|2024-05-13|21.53|0.00|21.53|FACT|wRivas|1000000|USD|1|2024-05-13|21.5265|39.22
1007602|1025606-1|2024-05-13|4.40|0.00|4.40|FACT|wRivas|1000000|USD|1|2024-05-13|4.3960|39.22
1007602|1025607-1|2024-05-13|8.86|0.00|8.86|FACT|wRivas|1000000|USD|1|2024-05-13|8.8603|39.22
1007602|1025608-1|2024-05-13|11.60|0.00|11.60|FACT|wRivas|1000000|USD|1|2024-05-13|11.5989|39.22
1007602|1025609-1|2024-05-13|1.53|0.00|1.53|FACT|wRivas|1000000|USD|1|2024-05-13|1.5311|39.22
1007602|1025610-1|2024-05-13|4.35|0.00|4.35|FACT|wRivas|1000000|USD|1|2024-05-13|4.3529|39.22
1007602|1025611-1|2024-05-13|31.46|0.00|31.46|FACT|wRivas|1000000|USD|1|2024-05-13|31.4595|39.22
1007602|1025612-1|2024-05-13|4.08|0.00|4.08|FACT|wRivas|1000000|USD|1|2024-05-13|4.0790|39.22
1007602|1025613-1|2024-05-13|18.97|0.00|18.97|FACT|wRivas|1000000|USD|1|2024-05-13|18.9702|39.22
1007614|1025616-1|2024-05-13|7.27|0.00|7.27|FACT|wRivas|1000000|USD|1|2024-05-13|7.2654|39.22
1007614|1025617-1|2024-05-13|5.97|0.00|5.97|FACT|wRivas|1000000|USD|1|2024-05-13|5.9669|39.22
1007614|1025618-1|2024-05-13|1.29|0.00|1.29|FACT|wRivas|1000000|USD|1|2024-05-13|1.2945|39.22
1007618|1025619-1|2024-05-13|47.71|0.00|47.71|FACT|wRivas|1000000|USD|1|2024-05-13|47.7055|39.22
1007618|1025620-1|2024-05-13|83.92|0.00|83.92|FACT|wRivas|1000000|USD|1|2024-05-13|83.9151|39.22
1007618|1025621-1|2024-05-13|17.71|0.00|17.71|FACT|wRivas|1000000|USD|1|2024-05-13|17.7149|39.22
1007618|1025622-1|2024-05-13|16.23|0.00|16.23|FACT|wRivas|1000000|USD|1|2024-05-13|16.2259|39.22
1007620|1025623-1|2024-05-13|14.78|0.00|14.78|FACT|wRivas|1000000|USD|1|2024-05-13|14.7759|39.22
1007620|1025624-1|2024-05-13|2.40|0.00|2.40|FACT|wRivas|1000000|USD|1|2024-05-13|2.3993|39.22
1007620|1025625-1|2024-05-13|21.85|0.00|21.85|FACT|wRivas|1000000|USD|1|2024-05-13|21.8524|39.22
1007622|1025626-1|2024-05-13|177.29|0.00|177.29|FACT|wRivas|1000000|USD|1|2024-05-13|177.2917|39.22
1007622|1025627-1|2024-05-13|69.24|0.00|69.24|FACT|wRivas|1000000|USD|1|2024-05-13|69.2425|39.22
1007622|1025628-1|2024-05-13|190.58|0.00|190.58|FACT|wRivas|1000000|USD|1|2024-05-13|190.5836|39.22
1007622|1025629-1|2024-05-13|12.56|0.00|12.56|FACT|wRivas|1000000|USD|1|2024-05-13|12.5620|39.22
1007622|1025630-1|2024-05-13|56.41|0.00|56.41|FACT|wRivas|1000000|USD|1|2024-05-13|56.4125|39.22
1007622|1025631-1|2024-05-13|20.22|0.00|20.22|FACT|wRivas|1000000|USD|1|2024-05-13|20.2165|39.22
1007636|1025639-1|2024-05-13|1.66|0.00|1.66|FACT|wRivas|1000000|USD|1|2024-05-13|1.6563|39.22
1007638|1025640-1|2024-05-13|13.60|0.00|13.60|FACT|wRivas|1000000|USD|1|2024-05-13|13.5971|39.22
1007647|1025648-1|2024-05-13|33.32|0.00|33.32|FACT|wRivas|1000000|USD|1|2024-05-13|33.3159|39.22
1007647|1025649-1|2024-05-13|0.84|0.00|0.84|FACT|wRivas|1000000|USD|1|2024-05-13|0.8383|39.22
1007651|1025651-1|2024-05-13|58.86|0.00|58.86|FACT|wRivas|1000000|USD|1|2024-05-13|58.8633|39.22
1007651|1025652-1|2024-05-13|3.96|0.00|3.96|FACT|wRivas|1000000|USD|1|2024-05-13|3.9615|39.22
1007654|1025653-1|2024-05-13|0.45|0.00|0.45|FACT|wRivas|1000000|USD|1|2024-05-13|0.4477|39.22
1007656|1025655-1|2024-05-13|3.09|0.00|3.09|FACT|wRivas|1000000|USD|1|2024-05-13|3.0920|39.22
1007656|1025656-1|2024-05-13|1.19|0.00|1.19|FACT|wRivas|1000000|USD|1|2024-05-13|1.1859|39.22
1007656|1025657-1|2024-05-13|1.53|0.00|1.53|FACT|wRivas|1000000|USD|1|2024-05-13|1.5339|39.22
1007658|1025660-1|2024-05-13|21.05|0.00|21.05|FACT|wRivas|1000000|USD|1|2024-05-13|21.0533|39.22
1007658|1025661-1|2024-05-13|214.74|0.00|214.74|FACT|wRivas|1000000|USD|1|2024-05-13|214.7351|39.22
1007658|1025662-1|2024-05-13|53.64|0.00|53.64|FACT|wRivas|1000000|USD|1|2024-05-13|53.6435|39.22
1007658|1025663-1|2024-05-13|276.53|0.00|276.53|FACT|wRivas|1000000|USD|1|2024-05-13|276.5273|39.22
1007658|1025664-1|2024-05-13|183.51|0.00|183.51|FACT|wRivas|1000000|USD|1|2024-05-13|183.5084|39.22
1007674|1025665-1|2024-05-13|3.28|0.00|3.28|FACT|wRivas|1000000|USD|1|2024-05-13|3.2789|39.22
1007674|1025666-1|2024-05-13|0.11|0.00|0.11|FACT|wRivas|1000000|USD|1|2024-05-13|0.1104|39.22
1007677|1025667-1|2024-05-13|10.81|0.00|10.81|FACT|wRivas|1000000|USD|1|2024-05-13|10.8100|39.22
1007681|1025675-1|2024-05-13|18.50|0.00|18.50|FACT|wRivas|1000000|USD|1|2024-05-13|18.4957|39.22
1007684|1025682-1|2024-05-13|3.56|0.00|3.56|FACT|wRivas|1000000|USD|1|2024-05-13|3.5612|39.22
1007684|1025683-1|2024-05-13|0.33|0.00|0.33|FACT|wRivas|1000000|USD|1|2024-05-13|0.3287|39.22
1007701|1025688-1|2024-05-13|12.70|0.00|12.70|FACT|wRivas|1000000|USD|1|2024-05-13|12.7042|39.22
1007701|1025689-1|2024-05-13|2.12|0.00|2.12|FACT|wRivas|1000000|USD|1|2024-05-13|2.1191|39.22
1007701|1025690-1|2024-05-13|1.15|0.00|1.15|FACT|wRivas|1000000|USD|1|2024-05-13|1.1515|39.22
1007701|1025691-1|2024-05-13|4.86|0.00|4.86|FACT|wRivas|1000000|USD|1|2024-05-13|4.8587|39.22
1007701|1025692-1|2024-05-13|1.69|0.00|1.69|FACT|wRivas|1000000|USD|1|2024-05-13|1.6912|39.22
1007703|1025693-1|2024-05-13|562.21|0.00|562.21|FACT|wRivas|1000000|USD|1|2024-05-13|562.2137|39.22
1007703|1025694-1|2024-05-13|58.05|0.00|58.05|FACT|wRivas|1000000|USD|1|2024-05-13|58.0538|39.22
1007703|1025695-1|2024-05-13|152.08|0.00|152.08|FACT|wRivas|1000000|USD|1|2024-05-13|152.0796|39.22
1007703|1025696-1|2024-05-13|150.94|0.00|150.94|FACT|wRivas|1000000|USD|1|2024-05-13|150.9378|39.22
1007703|1025697-1|2024-05-13|474.13|0.00|474.13|FACT|wRivas|1000000|USD|1|2024-05-13|474.1290|39.22
1007703|1025698-1|2024-05-13|223.70|0.00|223.70|FACT|wRivas|1000000|USD|1|2024-05-13|223.7007|39.22
1007703|1025699-1|2024-05-13|4.98|0.00|4.98|FACT|wRivas|1000000|USD|1|2024-05-13|4.9796|39.22
1007703|1025700-1|2024-05-13|182.38|0.00|182.38|FACT|wRivas|1000000|USD|1|2024-05-13|182.3804|39.22
1007703|1025701-1|2024-05-13|640.34|0.00|640.34|FACT|wRivas|1000000|USD|1|2024-05-13|640.3417|39.22
1007703|1025702-1|2024-05-13|43.94|0.00|43.94|FACT|wRivas|1000000|USD|1|2024-05-13|43.9388|39.22
1007703|1025703-1|2024-05-13|52.78|0.00|52.78|FACT|wRivas|1000000|USD|1|2024-05-13|52.7792|39.22
1007703|1025704-1|2024-05-13|104.47|0.00|104.47|FACT|wRivas|1000000|USD|1|2024-05-13|104.4661|39.22
1007703|1025705-1|2024-05-13|130.52|0.00|130.52|FACT|wRivas|1000000|USD|1|2024-05-13|130.5166|39.22
1007703|1025706-1|2024-05-13|92.25|0.00|92.25|FACT|wRivas|1000000|USD|1|2024-05-13|92.2540|39.22
1007703|1025707-1|2024-05-13|19.44|0.00|19.44|FACT|wRivas|1000000|USD|1|2024-05-13|19.4442|39.22
1007711|1025709-1|2024-05-13|13.80|0.00|13.80|FACT|wRivas|1000000|USD|1|2024-05-13|13.7968|39.22
1007711|1025710-1|2024-05-13|29.22|0.00|29.22|FACT|wRivas|1000000|USD|1|2024-05-13|29.2221|39.22
1007714|1025711-1|2024-05-13|15.63|0.00|15.63|FACT|wRivas|1000000|USD|1|2024-05-13|15.6265|39.22
1007714|1025712-1|2024-05-13|14.58|0.00|14.58|FACT|wRivas|1000000|USD|1|2024-05-13|14.5798|39.22
1007714|1025713-1|2024-05-13|29.31|0.00|29.31|FACT|wRivas|1000000|USD|1|2024-05-13|29.3131|39.22
1007714|1025714-1|2024-05-13|1.71|0.00|1.71|FACT|wRivas|1000000|USD|1|2024-05-13|1.7121|39.22
1007714|1025715-1|2024-05-13|21.51|0.00|21.51|FACT|wRivas|1000000|USD|1|2024-05-13|21.5140|39.22
1007714|1025716-1|2024-05-13|1.47|0.00|1.47|FACT|wRivas|1000000|USD|1|2024-05-13|1.4674|39.22
1007714|1025717-1|2024-05-13|7.81|0.00|7.81|FACT|wRivas|1000000|USD|1|2024-05-13|7.8080|39.22
1007714|1025718-1|2024-05-13|0.95|0.00|0.95|FACT|wRivas|1000000|USD|1|2024-05-13|0.9495|39.22
1007727|1025719-1|2024-05-13|3.48|0.00|3.48|FACT|wRivas|1000000|USD|1|2024-05-13|3.4758|39.22
1007727|1025720-1|2024-05-13|0.51|0.00|0.51|FACT|wRivas|1000000|USD|1|2024-05-13|0.5054|39.22
1007731|1025721-1|2024-05-13|15.67|0.00|15.67|FACT|wRivas|1000000|USD|1|2024-05-13|15.6698|39.22
1007736|1025722-1|2024-05-13|21.70|0.00|21.70|FACT|wRivas|1000000|USD|1|2024-05-13|21.6973|39.22
1007736|1025723-1|2024-05-13|28.25|0.00|28.25|FACT|wRivas|1000000|USD|1|2024-05-13|28.2514|39.22
1007736|1025724-1|2024-05-13|16.67|0.00|16.67|FACT|wRivas|1000000|USD|1|2024-05-13|16.6675|39.22
1007738|1025725-1|2024-05-13|4.42|0.00|4.42|FACT|wRivas|1000000|USD|1|2024-05-13|4.4207|39.22
1007740|1025729-1|2024-05-13|5.72|0.00|5.72|FACT|wRivas|1000000|USD|1|2024-05-13|5.7216|39.22
1007788|1025737-1|2024-05-13|15.39|0.00|15.39|FACT|wRivas|1000000|USD|1|2024-05-13|15.3860|39.22
1007788|1025738-1|2024-05-13|9.67|0.00|9.67|FACT|wRivas|1000000|USD|1|2024-05-13|9.6690|39.22
1007788|1025739-1|2024-05-13|14.28|0.00|14.28|FACT|wRivas|1000000|USD|1|2024-05-13|14.2754|39.22
1007788|1025740-1|2024-05-13|1.15|0.00|1.15|FACT|wRivas|1000000|USD|1|2024-05-13|1.1507|39.22
1007788|1025741-1|2024-05-13|7.62|0.00|7.62|FACT|wRivas|1000000|USD|1|2024-05-13|7.6158|39.22
1007788|1025742-1|2024-05-13|5.50|0.00|5.50|FACT|wRivas|1000000|USD|1|2024-05-13|5.4952|39.22
1007788|1025743-1|2024-05-13|5.20|0.00|5.20|FACT|wRivas|1000000|USD|1|2024-05-13|5.2045|39.22
1007788|1025744-1|2024-05-13|5.68|0.00|5.68|FACT|wRivas|1000000|USD|1|2024-05-13|5.6770|39.22
1007788|1025745-1|2024-05-13|5.66|0.00|5.66|FACT|wRivas|1000000|USD|1|2024-05-13|5.6581|39.22
1007788|1025746-1|2024-05-13|4.58|0.00|4.58|FACT|wRivas|1000000|USD|1|2024-05-13|4.5757|39.22
1007788|1025747-1|2024-05-13|1.62|0.00|1.62|FACT|wRivas|1000000|USD|1|2024-05-13|1.6160|39.22
1007788|1025748-1|2024-05-13|3.57|0.00|3.57|FACT|wRivas|1000000|USD|1|2024-05-13|3.5739|39.22
1007788|1025749-1|2024-05-13|1.69|0.00|1.69|FACT|wRivas|1000000|USD|1|2024-05-13|1.6856|39.22
1007788|1025750-1|2024-05-13|3.97|0.00|3.97|FACT|wRivas|1000000|USD|1|2024-05-13|3.9704|39.22
1007788|1025751-1|2024-05-13|4.70|0.00|4.70|FACT|wRivas|1000000|USD|1|2024-05-13|4.7022|39.22
1007788|1025752-1|2024-05-13|7.30|0.00|7.30|FACT|wRivas|1000000|USD|1|2024-05-13|7.2996|39.22
1007788|1025753-1|2024-05-13|5.38|0.00|5.38|FACT|wRivas|1000000|USD|1|2024-05-13|5.3797|39.22
1007788|1025754-1|2024-05-13|0.26|0.00|0.26|FACT|wRivas|1000000|USD|1|2024-05-13|0.2565|39.22
1007788|1025755-1|2024-05-13|4.51|0.00|4.51|FACT|wRivas|1000000|USD|1|2024-05-13|4.5145|39.22
1007788|1025756-1|2024-05-13|4.30|0.00|4.30|FACT|wRivas|1000000|USD|1|2024-05-13|4.2968|39.22
1007788|1025757-1|2024-05-13|2.50|0.00|2.50|FACT|wRivas|1000000|USD|1|2024-05-13|2.4987|39.22
1007788|1025758-1|2024-05-13|3.02|0.00|3.02|FACT|wRivas|1000000|USD|1|2024-05-13|3.0163|39.22
1007788|1025759-1|2024-05-13|4.37|0.00|4.37|FACT|wRivas|1000000|USD|1|2024-05-13|4.3669|39.22
1007788|1025760-1|2024-05-13|1.30|0.00|1.30|FACT|wRivas|1000000|USD|1|2024-05-13|1.2960|39.22
1007788|1025761-1|2024-05-13|0.99|0.00|0.99|FACT|wRivas|1000000|USD|1|2024-05-13|0.9901|39.22
1007788|1025762-1|2024-05-13|1.62|0.00|1.62|FACT|wRivas|1000000|USD|1|2024-05-13|1.6237|39.22
1007788|1025763-1|2024-05-13|0.82|0.00|0.82|FACT|wRivas|1000000|USD|1|2024-05-13|0.8195|39.22
1007788|1025764-1|2024-05-13|1.58|0.00|1.58|FACT|wRivas|1000000|USD|1|2024-05-13|1.5816|39.22
1007788|1025765-1|2024-05-13|1.25|0.00|1.25|FACT|wRivas|1000000|USD|1|2024-05-13|1.2463|39.22
1007788|1025766-1|2024-05-13|1.15|0.00|1.15|FACT|wRivas|1000000|USD|1|2024-05-13|1.1545|39.22
1007788|1025767-1|2024-05-13|2.31|0.00|2.31|FACT|wRivas|1000000|USD|1|2024-05-13|2.3123|39.22
1007788|1025768-1|2024-05-13|1.58|0.00|1.58|FACT|wRivas|1000000|USD|1|2024-05-13|1.5829|39.22
1007788|1025769-1|2024-05-13|0.78|0.00|0.78|FACT|wRivas|1000000|USD|1|2024-05-13|0.7815|39.22
1007788|1025770-1|2024-05-13|0.15|0.00|0.15|FACT|wRivas|1000000|USD|1|2024-05-13|0.1466|39.22
1007788|1025771-1|2024-05-13|0.67|0.00|0.67|FACT|wRivas|1000000|USD|1|2024-05-13|0.6665|39.22
1007788|1025772-1|2024-05-13|0.16|0.00|0.16|FACT|wRivas|1000000|USD|1|2024-05-13|0.1558|39.22
1007788|1025773-1|2024-05-13|0.36|0.00|0.36|FACT|wRivas|1000000|USD|1|2024-05-13|0.3565|39.22
1007788|1025774-1|2024-05-13|5.77|0.00|5.77|FACT|wRivas|1000000|USD|1|2024-05-13|5.7690|39.22
1007788|1025775-1|2024-05-13|0.83|0.00|0.83|FACT|wRivas|1000000|USD|1|2024-05-13|0.8284|39.22
1007788|1025776-1|2024-05-13|0.31|0.00|0.31|FACT|wRivas|1000000|USD|1|2024-05-13|0.3149|39.22
1007788|1025777-1|2024-05-13|5.74|0.00|5.74|FACT|wRivas|1000000|USD|1|2024-05-13|5.7415|39.22
1007788|1025778-1|2024-05-13|0.27|0.00|0.27|FACT|wRivas|1000000|USD|1|2024-05-13|0.2749|39.22
1007788|1025779-1|2024-05-13|0.71|0.00|0.71|FACT|wRivas|1000000|USD|1|2024-05-13|0.7104|39.22
1007788|1025780-1|2024-05-13|0.11|0.00|0.11|FACT|wRivas|1000000|USD|1|2024-05-13|0.1099|39.22
1007788|1025781-1|2024-05-13|0.45|0.00|0.45|FACT|wRivas|1000000|USD|1|2024-05-13|0.4457|39.22
1007788|1025782-1|2024-05-13|4.42|0.00|4.42|FACT|wRivas|1000000|USD|1|2024-05-13|4.4235|39.22
1007788|1025783-1|2024-05-13|3.39|0.00|3.39|FACT|wRivas|1000000|USD|1|2024-05-13|3.3873|39.22
1007788|1025784-1|2024-05-13|2.78|0.00|2.78|FACT|wRivas|1000000|USD|1|2024-05-13|2.7794|39.22
1007788|1025785-1|2024-05-13|5.38|0.00|5.38|FACT|wRivas|1000000|USD|1|2024-05-13|5.3751|39.22
1007788|1025786-1|2024-05-13|4.83|0.00|4.83|FACT|wRivas|1000000|USD|1|2024-05-13|4.8259|39.22
1007788|1025787-1|2024-05-13|0.10|0.00|0.10|FACT|wRivas|1000000|USD|1|2024-05-13|0.1007|39.22
1007788|1025788-1|2024-05-13|2.31|0.00|2.31|FACT|wRivas|1000000|USD|1|2024-05-13|2.3085|39.22
1007788|1025789-1|2024-05-13|1.49|0.00|1.49|FACT|wRivas|1000000|USD|1|2024-05-13|1.4873|39.22
1007788|1025790-1|2024-05-13|1.96|0.00|1.96|FACT|wRivas|1000000|USD|1|2024-05-13|1.9620|39.22
1007788|1025791-1|2024-05-13|2.68|0.00|2.68|FACT|wRivas|1000000|USD|1|2024-05-13|2.6838|39.22
1007788|1025792-1|2024-05-13|1.56|0.00|1.56|FACT|wRivas|1000000|USD|1|2024-05-13|1.5617|39.22
1007788|1025793-1|2024-05-13|1.29|0.00|1.29|FACT|wRivas|1000000|USD|1|2024-05-13|1.2937|39.22
1007788|1025794-1|2024-05-13|2.72|0.00|2.72|FACT|wRivas|1000000|USD|1|2024-05-13|2.7223|39.22
1007788|1025795-1|2024-05-13|2.97|0.00|2.97|FACT|wRivas|1000000|USD|1|2024-05-13|2.9742|39.22
1007788|1025796-1|2024-05-13|2.52|0.00|2.52|FACT|wRivas|1000000|USD|1|2024-05-13|2.5235|39.22
1007788|1025797-1|2024-05-13|1.98|0.00|1.98|FACT|wRivas|1000000|USD|1|2024-05-13|1.9844|39.22
1007788|1025798-1|2024-05-13|0.20|0.00|0.20|FACT|wRivas|1000000|USD|1|2024-05-13|0.2014|39.22
1007788|1025799-1|2024-05-13|2.51|0.00|2.51|FACT|wRivas|1000000|USD|1|2024-05-13|2.5071|39.22
1007788|1025800-1|2024-05-13|1.72|0.00|1.72|FACT|wRivas|1000000|USD|1|2024-05-13|1.7228|39.22
1007788|1025801-1|2024-05-13|1.51|0.00|1.51|FACT|wRivas|1000000|USD|1|2024-05-13|1.5107|39.22
1007788|1025802-1|2024-05-13|2.72|0.00|2.72|FACT|wRivas|1000000|USD|1|2024-05-13|2.7203|39.22
1007788|1025803-1|2024-05-13|1.90|0.00|1.90|FACT|wRivas|1000000|USD|1|2024-05-13|1.9018|39.22
1007788|1025804-1|2024-05-13|0.99|0.00|0.99|FACT|wRivas|1000000|USD|1|2024-05-13|0.9860|39.22
1007788|1025805-1|2024-05-13|2.13|0.00|2.13|FACT|wRivas|1000000|USD|1|2024-05-13|2.1272|39.22
1007788|1025806-1|2024-05-13|1.46|0.00|1.46|FACT|wRivas|1000000|USD|1|2024-05-13|1.4635|39.22
1007788|1025807-1|2024-05-13|2.11|0.00|2.11|FACT|wRivas|1000000|USD|1|2024-05-13|2.1096|39.22
1007788|1025808-1|2024-05-13|2.25|0.00|2.25|FACT|wRivas|1000000|USD|1|2024-05-13|2.2491|39.22
1007788|1025809-1|2024-05-13|3.84|0.00|3.84|FACT|wRivas|1000000|USD|1|2024-05-13|3.8412|39.22
1007788|1025810-1|2024-05-13|3.33|0.00|3.33|FACT|wRivas|1000000|USD|1|2024-05-13|3.3343|39.22
1007788|1025811-1|2024-05-13|1.25|0.00|1.25|FACT|wRivas|1000000|USD|1|2024-05-13|1.2504|39.22
1007788|1025812-1|2024-05-13|0.26|0.00|0.26|FACT|wRivas|1000000|USD|1|2024-05-13|0.2626|39.22
1007788|1025813-1|2024-05-13|2.83|0.00|2.83|FACT|wRivas|1000000|USD|1|2024-05-13|2.8322|39.22
1007788|1025814-1|2024-05-13|3.67|0.00|3.67|FACT|wRivas|1000000|USD|1|2024-05-13|3.6731|39.22
1007788|1025815-1|2024-05-13|3.95|0.00|3.95|FACT|wRivas|1000000|USD|1|2024-05-13|3.9541|39.22
1007788|1025816-1|2024-05-13|2.42|0.00|2.42|FACT|wRivas|1000000|USD|1|2024-05-13|2.4176|39.22
1007788|1025817-1|2024-05-13|0.19|0.00|0.19|FACT|wRivas|1000000|USD|1|2024-05-13|0.1922|39.22
1007788|1025818-1|2024-05-13|0.23|0.00|0.23|FACT|wRivas|1000000|USD|1|2024-05-13|0.2290|39.22
1007788|1025819-1|2024-05-13|0.88|0.00|0.88|FACT|wRivas|1000000|USD|1|2024-05-13|0.8848|39.22
1007788|1025820-1|2024-05-13|1.79|0.00|1.79|FACT|wRivas|1000000|USD|1|2024-05-13|1.7917|39.22
1007788|1025821-1|2024-05-13|0.61|0.00|0.61|FACT|wRivas|1000000|USD|1|2024-05-13|0.6130|39.22
1007788|1025822-1|2024-05-13|3.09|0.00|3.09|FACT|wRivas|1000000|USD|1|2024-05-13|3.0918|39.22
1007788|1025823-1|2024-05-13|4.41|0.00|4.41|FACT|wRivas|1000000|USD|1|2024-05-13|4.4138|39.22
1007788|1025824-1|2024-05-13|0.40|0.00|0.40|FACT|wRivas|1000000|USD|1|2024-05-13|0.4046|39.22
1007788|1025825-1|2024-05-13|2.01|0.00|2.01|FACT|wRivas|1000000|USD|1|2024-05-13|2.0089|39.22
1007788|1025826-1|2024-05-13|4.57|0.00|4.57|FACT|wRivas|1000000|USD|1|2024-05-13|4.5734|39.22
1007788|1025827-1|2024-05-13|2.92|0.00|2.92|FACT|wRivas|1000000|USD|1|2024-05-13|2.9169|39.22
1007788|1025828-1|2024-05-13|2.31|0.00|2.31|FACT|wRivas|1000000|USD|1|2024-05-13|2.3090|39.22
1007788|1025829-1|2024-05-13|2.36|0.00|2.36|FACT|wRivas|1000000|USD|1|2024-05-13|2.3633|39.22
1007788|1025830-1|2024-05-13|2.61|0.00|2.61|FACT|wRivas|1000000|USD|1|2024-05-13|2.6079|39.22
1007788|1025831-1|2024-05-13|2.00|0.00|2.00|FACT|wRivas|1000000|USD|1|2024-05-13|2.0046|39.22
1007788|1025832-1|2024-05-13|1.31|0.00|1.31|FACT|wRivas|1000000|USD|1|2024-05-13|1.3060|39.22
1007813|1025851-1|2024-05-13|4.68|0.00|4.68|FACT|wRivas|1000000|USD|1|2024-05-13|4.6795|39.22
1007821|1025854-1|2024-05-13|0.48|0.00|0.48|FACT|wRivas|1000000|USD|1|2024-05-13|0.4832|39.22
1007821|1025855-1|2024-05-13|0.29|0.00|0.29|FACT|wRivas|1000000|USD|1|2024-05-13|0.2871|39.22
1007821|1025856-1|2024-05-13|4.58|0.00|4.58|FACT|wRivas|1000000|USD|1|2024-05-13|4.5773|39.22
1007823|1025858-1|2024-05-13|4.63|0.00|4.63|FACT|wRivas|1000000|USD|1|2024-05-13|4.6313|39.22
1007828|1025859-1|2024-05-13|9.31|0.00|9.31|FACT|wRivas|1000000|USD|1|2024-05-13|9.3083|39.22
1007829|1025860-1|2024-05-13|1.39|0.00|1.39|FACT|wRivas|1000000|USD|1|2024-05-13|1.3929|39.22
1007831|1025881-1|2024-05-13|2.14|0.00|2.14|FACT|wRivas|1000000|USD|1|2024-05-13|2.1430|39.22
1007834|1025882-1|2024-05-13|2.42|0.00|2.42|FACT|wRivas|1000000|USD|1|2024-05-13|2.4171|39.22
1007834|1025883-1|2024-05-13|0.80|0.00|0.80|FACT|wRivas|1000000|USD|1|2024-05-13|0.8039|39.22
1007837|1025884-1|2024-05-13|198.15|0.00|198.15|FACT|wRivas|1000000|USD|1|2024-05-13|198.1453|39.22
1007845|1025885-1|2024-05-13|0.46|0.00|0.46|FACT|wRivas|1000000|USD|1|2024-05-13|0.4625|39.22
1007850|1025886-1|2024-05-13|16.35|0.00|16.35|FACT|wRivas|1000000|USD|1|2024-05-13|16.3501|39.22
1007850|1025887-1|2024-05-13|2.87|0.00|2.87|FACT|wRivas|1000000|USD|1|2024-05-13|2.8659|39.22
1007880|1025889-1|2024-05-13|10.29|0.00|10.29|FACT|wRivas|1000000|USD|1|2024-05-13|10.2874|39.22
1007880|1025890-1|2024-05-13|3.27|0.00|3.27|FACT|wRivas|1000000|USD|1|2024-05-13|3.2721|39.22
1007880|1025891-1|2024-05-13|7.45|0.00|7.45|FACT|wRivas|1000000|USD|1|2024-05-13|7.4544|39.22
1007882|1025892-1|2024-05-13|14.79|0.00|14.79|FACT|wRivas|1000000|USD|1|2024-05-13|14.7889|39.22
1007882|1025893-1|2024-05-13|7.96|0.00|7.96|FACT|wRivas|1000000|USD|1|2024-05-13|7.9623|39.22
1007882|1025894-1|2024-05-13|0.42|0.00|0.42|FACT|wRivas|1000000|USD|1|2024-05-13|0.4192|39.22
1007882|1025895-1|2024-05-13|6.00|0.00|6.00|FACT|wRivas|1000000|USD|1|2024-05-13|6.0038|39.22
1007882|1025896-1|2024-05-13|0.85|0.00|0.85|FACT|wRivas|1000000|USD|1|2024-05-13|0.8544|39.22
1007882|1025897-1|2024-05-13|2.66|0.00|2.66|FACT|wRivas|1000000|USD|1|2024-05-13|2.6563|39.22
1007897|1025900-1|2024-05-13|3.57|0.00|3.57|FACT|wRivas|1000000|USD|1|2024-05-13|3.5704|39.22
1007902|1025905-1|2024-05-13|109.18|0.00|109.18|FACT|wRivas|1000000|USD|1|2024-05-13|109.1754|39.22
1007902|1025906-1|2024-05-13|87.30|0.00|87.30|FACT|wRivas|1000000|USD|1|2024-05-13|87.2965|39.22
1007909|1025911-1|2024-05-13|35.39|0.00|35.39|FACT|wRivas|1000000|USD|1|2024-05-13|35.3865|39.22
1007909|1025912-1|2024-05-13|4.22|0.00|4.22|FACT|wRivas|1000000|USD|1|2024-05-13|4.2177|39.22
1007909|1025913-1|2024-05-13|30.16|0.00|30.16|FACT|wRivas|1000000|USD|1|2024-05-13|30.1606|39.22
1007909|1025914-1|2024-05-13|32.41|0.00|32.41|FACT|wRivas|1000000|USD|1|2024-05-13|32.4092|39.22
1007909|1025915-1|2024-05-13|3.18|0.00|3.18|FACT|wRivas|1000000|USD|1|2024-05-13|3.1798|39.22
1007909|1025916-1|2024-05-13|2.97|0.00|2.97|FACT|wRivas|1000000|USD|1|2024-05-13|2.9742|39.22
1007909|1025917-1|2024-05-13|23.86|0.00|23.86|FACT|wRivas|1000000|USD|1|2024-05-13|23.8552|39.22
1007909|1025918-1|2024-05-13|1.26|0.00|1.26|FACT|wRivas|1000000|USD|1|2024-05-13|1.2596|39.22
1007915|1025921-1|2024-05-13|22.21|0.00|22.21|FACT|wRivas|1000000|USD|1|2024-05-13|22.2111|39.22
1007915|1025922-1|2024-05-13|4.17|0.00|4.17|FACT|wRivas|1000000|USD|1|2024-05-13|4.1693|39.22
1007915|1025923-1|2024-05-13|2.12|0.00|2.12|FACT|wRivas|1000000|USD|1|2024-05-13|2.1214|39.22
1007915|1025924-1|2024-05-13|9.72|0.00|9.72|FACT|wRivas|1000000|USD|1|2024-05-13|9.7175|39.22
1007915|1025925-1|2024-05-13|2.55|0.00|2.55|FACT|wRivas|1000000|USD|1|2024-05-13|2.5543|39.22
1008144|1025928-1|2024-05-13|9.60|0.00|9.60|FACT|wRivas|1000000|USD|1|2024-05-13|9.6040|39.22
1006414|1026189-1|2024-06-15|61.01|0.00|61.01|FACT|J400788315|1000000|USD|1|2024-05-31|61.0100|35.62
1007199|1026188-1|2024-06-15|61.01|0.00|61.01|FACT|J400788315|1000000|USD|1|2024-05-31|61.0081|35.62
1007199|1026190-1|2024-06-15|61.01|0.00|61.01|FACT|J400788315|1000000|USD|1|2024-05-31|61.0081|35.62
1007199|1026187-1|2024-06-15|61.01|0.00|61.01|FACT|J400788315|1000000|USD|1|2024-05-31|61.0100|35.62
1006414|1026193-1|2024-06-15|61.01|0.00|61.01|FACT|J400788315|1000000|USD|1|2024-05-31|61.0081|35.62
1006414|1026184-1|2024-06-03|630.52|100.88|731.40|FACT|tLucena|1000000|USD|1|2024-06-03|731.4000|1.00
1006414|1026182-1|2024-05-22|1.60|0.26|-1.86|N/D|wRivas|1000000|USD|1|2024-05-22|1.8580|36.52
1006414|1026194-1|2024-06-21|59.51|0.00|59.51|FACT|J400788315|1000000|USD|1|2024-06-06|59.5061|36.52
1008144|1026197-1|2024-06-21|59.51|0.00|59.51|FACT|J400788315|1000000|USD|1|2024-06-06|59.5061|36.52
1007199|1026195-1|2024-06-21|59.51|9.52|69.03|FACT|J400788315|1000000|USD|1|2024-06-06|69.0269|36.52
1008144|1026198-1|2024-06-15|61.01|0.00|61.01|FACT|J400788315|1000000|USD|1|2024-05-31|61.0081|35.62
1007199|1026196-1|2024-06-21|59.51|0.00|59.51|FACT|J400788315|1000000|USD|1|2024-06-06|59.5061|36.52
1008144|1026199-1|2024-06-21|59.51|0.00|41.36|FACT|J400788315|1000000|USD|1|2024-06-06|59.5061|36.52
1006414|1026181-1|2024-05-22|53.39|8.54|61.93|FACT|wRivas|1000000|USD|1|2024-05-22|61.9319|36.52
